Arabizi,Arabic
edw,إعدوا
el,ال
nas,ناس
ytbakaw,يتباكوا
bdit,بديت
nhdr,نهدر
mn,من
albi,قلبي
toul,تقول
nhdi,نهدي
fi,في
bkit,بكيت
kamel,كامل
sektou,سكتوا
tkhalit,تخليت
rouhi,روحي
teqoul,تقول
kent,كنت
nnoum,ننوم
nado,نادو
a,قاع
salmo,سلموا
lya,عليا
w,و
yahdro,يهدروا
maya,معايا
nes,نص
bka,بكا
l'akher,الآخر
ma,ما
fhemtouche,فهمتوش
erridwania,الرضوانية
lilasha,للعشاء
kan,كان
lasha,يكفي
ykafi,ليزانفيتي
lizanfiti,قاع
ga,قاع
jwzt,جوزت
ayamat,أيامات
rwaa,روعة
nnsahach,ننساهاش
yati,حياتي
kmalt,كملت
qrayti,قرايتي
l'afak,الأفاق
b'sayf,بالصيف
kntsh,كنتش
seryu,صيريو
rayti,قرايتي
khdmt,خدمت
wahed,واحد
lsbital,السبيطار
rib,قريب
darna,دارنا
lmd,الحمد
llah,لله
rani,راني
labas,لاباس
ayesh,عايش
m,مع
baba,بابا
desidit,ديسيديت
bach,باش
netm,نتم
sadaq,صداق
merti,مرتي
kant,كانت
khedma,خدمة
temshi,تمشي
terbiyan,تربيان
organizi,أورقانيزي
serto,سيرتو
khedmati,خدمتي
esbitar,السبيتار
militaire,الميليتار
essbitar,السبيطار
fih,فيه
khedamin,خدامين
men,من
kol,كل
blad,بلاد
oropa,أوروبا
taa,تاع
khaleej,خليج
kanet,كانت
orobiyyoun,أوروبيون
taa'i,تاعي
mahom,معاهم
nhar,نهار
desida,ديسيدا
tabib,طبيب
engliz,إنقليز
yrouh,يروح
leblado,لبلادو
akhtarsh,أخطرش
khalaset,خلاصت
contra,كونترا
taaw,تعاو
maana,معانا
amna,حمنا
ndirou,نديرو
lou,لو
fela,حفلة
nwadouh,نودعوه
brizizina,بريزيزينا
lblassa,لبلاصة
ta,تاع
lfela,الحفلة
ljnina,الجنينة
lsbitar,السبيطار
wjedna,وجدنا
klsh,كلش
shreina,شرينا
lqato,القاطو
welqzouz,والقزوز
bs,بصح
shi,شي
eli,الي
knt,كنت
nlm,نحلم
wash,واش
howa,هو
do,دو
nmthlo,نمذهلو
bse,بصح
kont,كنت
nhlm,نحلم
dew,عدو
nmthlou,نمذهلو
etbib,الطبيب
hada,هذا
yheb,يحب
ytm,يطم
elwayej,الحوايج
etradsyonal,الترادسيونال
dbr,دبر
wlyd,وليد
amy,امي
nshrylo,نشريلو
mshf,مصحف
wla,ولا
ktab,كتاب
yhdr,يهدر
la,على
lslam,الإسلام
rt,رحت
dwa,قدوة
bash,باش
nshouf,نشوف
nsrilo,نصريلو
lit,لقيت
wahd,واحد
lktab,الكتاب
lislam,الإسلام
blonglizi,بالونقليزي
tfkrt,تفكرت
lhdra,الهدرة
mi,عمي
qlt,قلت
nshrih,نشريه
lbri,لبري
tao,تاعو
machi,ماشي
ghali,غالي
adyt,أضيت
jazet,جازت
hfla,حفلة
byan,بيان
mdyetlo,مديتلو
qadi,قاضي
mbd,مبعد
rah,راح
sahbna,صاحبنا
tbyb,طبيب
ayam,والشهور
shhour,وجبت
b,ب
khaf,جازت
zawejt,الأيام
jebt,جبت
weld,ولد
wsltni,وصلتني
brip,بريب
ingliz,إنجليز
hlit,حليت
qrit'ha,قريتها
maktouba,مكتوبة
bel,بال
broumiarmon,بروميارمون
fhemt,فهمت
shwi,شوي
kontinou,كونتينو
ta'ha,تاعها
fhemtuch,فهمتوش
rft,أرفت
belli,بلي
jatni,جاتني
sabi,صاحبي
ldim,القديم
lli,اللي
khdem,خدم
mana,معانا
ana,أنا
nfakker,نفكر
awel,أول
marra,مرة
nesma,نسمع
esmo,اسمو
glqt,غلقت
bribe,بريب
sayt,سايت
nzid,نزيد
nfkr,نفكر
fkrtch,فكرتش
hta,حتى
kima,كيما
haka,هكا
wdra,وحذرا
balchwiya,بالشوية
rbi,ربي
chali,شالي
din,دين
hdani,هداني
ydik,يديك
nsitch,نسيتش
saab,صحاب
ti,تعي
mak,معاك
dok,دوك
ndilk,نديلك
ntfkr,نتفكر
jabouhuli,جابوهولي
ki,كي
mwla,مولى
lingleez,الإنجليز
qritou,قريتو
abit,حبيت
nqra,نقرى
blos,بلوس
ila,إلى
badra,بقدرة
lglaf,الجلاف
to,تاعو
lidras,لأدراس
t,تاع
li,لي
nchr,نشر
blo,بطلو
bache,باش
ndoumndi,ندومندي
zyada,زيادة
boli,بطولي
wach,واش
hbitt,حبيت
lsontr,السونتر
shhdt,وشهدت
bdl,وبدلت
smi,سمعي
smk,اسمك
ltrsh,الأخطرش
hadi,هادي
mzyk,مزيتك
bd,بعد
sbanh,سبحانه
nro,نروح
lmkab,لمكب
nj,نحج
nsha,نشاء
allah,الله
baryab,بريب
bzrba,بالزربة
zadet,زادت
alatha,حالتها
awdet,عاودت
qrytha,قريتها
zero,زيرو
asatni,قاستني
lbarib,البريب
mntch,منتش
bzaf,بزاف
kifach,كيفاش
rabi,ربي
rajel,راجل
ydi,يدي
bshra,بعشرة
alf,آلاف
yhdi,يهدي
kafr,كافر
sybab,سيباب
sosybl,سوسيبل
frt,فرحت
hdah,هداه
zft,زعفت
lkhtarsh,الأخطرش
sqsyt,سقسيت
roi,روحي
win,وين
labiryod,لابيريود
lkhdamyn,الخدامين
wd,واحد
hdrtlo,هدرتلو
adart,حضرت
tmashikhart,تمشيخرت
bsah,بصح
jami,جامي
adartlahom,حضرتلهم
ddin,الدين
khemmet,خممت
chwaya,شويا
law,لو
ymed,يمد
ketab,كتاب
berk,برك
wesh,واش
ysera,يصرا
nkri,نقري
katriyam,كاتريام
omri,عمري
stach,ستاش
nesna,نسنا
hab,حاب
yzewejni,يزوجني
bwalid,بوليد
ami,عمي
haba,نزوج
nzewej,بيه
bih,بيه
sayf,سيف
nzawej,نزوج
balama,بالاما
ysasini,يسقسيني
beltch,قبلتش
l'trsh,الأخترش
na,عنا
ytwdyont,عيتوديونت
aba,حابة
nkmel,نكمل
bal,قبل
lzwaj,الزواج
wayedna,عوايدنا
wayed,عوايد
tkhles,تخلص
tefla,التفلة
teoul,تقول
raya,رايحة
hdrb,هدرب
babaha,باباها
hiya,هي
tmshi,تمشي
lsyf,الصيف
lyya,اليا
yma,يما
maha,معاها
siyat,سيات
bla,بلا
fayda,فايدة
khwatati,خواتاتي
lkbar,الكبار
walid,وليد
concernoun,كونسيرنون
aswaji,أصوجي
zawaj,زواج
fahem,فهم
rayi,رأيي
adar,حضر
babah,باباه
tani,تاني
balsh,قبلش
alou,قالو
lokan,لوكان
tzawajsh,تتزوجش
bnt,بنت
amk,عمك
bproblam,بروبلام
zdt,زدت
hdrt,هدرت
mra,مرة
okhra,أخرى
drt,درت
mah,معاه
lrayb,القرايب
mazal,مازال
kmlthach,كملتهاش
lawanir,الأقوانير
zad,زاد
mat,مات
ymah,يماه
khalatou,خلاتو
whdo,وحدو
ar,حار
t-tarbiya,التربية
taw,تعاو
dah,داه
l-khaltou,لخالتو
yich,يعيش
wladha,ولادها
l-akhtarach,الأخطرش
l-khedma,الخدمة
sbah,صباح
chia,عشية
tzawej,تزوج
bad,بعد
sb,سبع
l,ال
mawt,موت
mertou,مرتو
jab,جاب
wldou,وليدو
yish,يعيش
fatet,فاتت
tlat,تلات
snin,سنين
wledet,ولدت
mrato,مرتو
jdida,جديدة
zouj,زوج
bnat,بنات
mrt,مرت
lbalhash,العبالهاش
bilweld,بالولد
omro,عمرو
yfoutch,يفوتش
rbe,ربع
daymen,دايمن
tetlahe,تتلهى
khedama,خدامة
tdir,تدير
menage,ميناج
ed,ال
dar,دار
ardet,عرضت
mara,مرأة
maliha,ماليها
yetashaw,يتعشاو
telhat,تلهات
nsat,نسات
yatama,يتامى
ati,حطي
lkhedama,الخدامة
tela,تلحق
belard,بالأرض
nesat,نسات
lweld,الولد
tlaqat,تلاقات
laila,العائلة
ndha,عندها
ada,قاعدة
ysro,يقصروا
ja,جاء
wat,وقت
lsha,العشاء
yshoufo,يشوفوا
lmala,الماكلة
yaklo,ياكلوا
etaw,اتاو
mart,مرت
chwiya,شوية
roz,روز
tbsi,طبسي
tlo,قتلو
ro,روح
hna,هنا
oul,قول
fel,في
akor,الاكور
gaed,قاعد
berd,البرد
yekser,يكسر
yakel,ياكل
etalemoun,التالمون
tekmech,تكمش
mor,مور
bibane,البيبان
lkhdama,الخدامة
ltat,لتات
chghl,الشغل
d-dar,الدار
rqd,رقد
l-wld,الولد
blassto,بلاصتو
rao,راحوا
malyin,مالين
badma,بعدما
asro,قصروا
klawhom,كلاوهم
alet,قالت
mert,مرت
lel,لل
kheddam,خدام
besh,بأش
tkhemel,تخمل
raet,راحت
terod,ترقد
sheat,شقات
roha,روحها
tssi,تسقسي
wala,ولا
rajelha,راجلها
sasaha,سقساها
walido,وليدو
altlo,قالتلو
raho,راهو
lkhadama,الخدامة
hya,هي
tbalhash,تعبالهاش
asko,أسكو
lala,لالا
rqed,رقد
nam,نام
martou,مرتو
l'oula,الأولى
aletlo,قالتلو
entebah,انتبه
l'walidik,لوليدك
nadi,نادي
mkhlou,مخلوع
sqsa,سقسا
mrto,مرتو
wldo,وليدو
tmnat,تمنات
chqatch,شقاتش
rouha,روحها
ttkd,تتأكد
mrb,مربع
khra,خرى
tolo,تقولو
ntboh,انتبه
lwlidk,لوليدك
mrbou,مربوح
lwld,الولد
yawes,يحوس
nd,عند
malahch,مالقاهش
abl,حبل
lla,الا
yjri,يجري
mbol,محبول
d,ال
hyk,هيك
sa,صح
lah,لقاه
sghir,صغير
dkhalat,دخلت
smat,سمعت
jal,جال
longin,لونجين
jit,جيت
kharj,خارج
ltabib,لطبيب
youl,يقول
lbaba,لبابا
bli,بلي
mli,مليح
adrin,قادرين
blyitar,بالليتار
ykounou,يكونو
dizayfi,ديزيفي
lmarad,للمرض
hadha,هذا
jazaw,جازو
wam,عوام
wlit,وليت
joun,جون
wmbad,ومبعد
zwjt,زوجت
sab,ساعب
ness,نحس
fashel,فشل
kheyfor,خيفور
ndirouh,نديروه
dhbt,ذهبت
lmostachfa,المستشفى
ndir,ندير
consultation,كونسيلتاسيون
general,جنرال
ban,بان
ndi,عندي
fiblase,فيبلاص
libatmon,ليباطمون
doktor,دكتور
taye,طايع
l'afiblas,الأفيبلاص
l'oungin,الونجين
hkimtni,حكمتني
bkri,بكري
dartli,دارتلي
rhumatisme,روماتيزم
articulaire,أقتيكولار
ali,قالي
lazemk,لازمك
operation,أوبيراسيون
albk,قلبك
belak,بلاك
robo,روبو
wela,ولا
traitement,تراتمون
lazem,لازم
n'operation,نوبراسيون
l'alb,القلب
yamat,يامات
khela,خلعة
darr,ضر
rjat,رجعت
lltbib,للطبيب
radioat,راديوات
badama,بعدما
dart,دارت
lizanaliz,ليزاناليز
liradyo,ليراديو
akamt,حكمت
rondivo,رونديفو
ndkhol,ندخل
loperation,لوبيراسيون
ndt,نضت
sba,السبعة
kmt,حكمت
taxi,تاكسي
llsbitar,للسبيتار
edt,قعدت
lchroujiyan,الشروجيان
ydirli,يديرلي
l'operation,الوبيراسيون
lqit,لقيت
fermli,فرملي
waqef,واقف
rasi,راسي
hdr,هدر
jawbtoch,جاوبتوش
chafouni,شافوني
male,مقلق
rafed,رافض
yedoh,يده
tchkeb,تشكب
l'anestizi,الانستيزي
meditlo,مديتلو
yedi,يدي
l'wouft,لوفت
l'mouloud,المولود
vizit,فيزيت
l'jal,لعجال
nwader,نواضر
lasl,الأصل
datwnt,داتونت
lmrda,المرضى
jabek,جابك
vizita,فيزيتا
ini,عيني
twjni,توجعني
ab,حاب
nwadar,نواضر
ntia,نتيا
sghira,صغيرة
jiti,جيتي
tdiri,تديري
ghir,غير
nroubouzi,نروبوزي
inia,عينيا
latrach,الاخطرش
odam,الميكرو
lmicro,قدام
tqray,تقراي
aya,آيه
am,عام
promiyar,بروميار
ani,أني
nifarsitar,قنيفارسيتار
alik,خليك
l'afa,الأفاق
fiha,فيها
mchakil,مشاكل
mlyous,مليوس
tkemli,تكملي
tlqaysh,تلقايش
wna,وحنا
nchoufo,نشوفو
chal,شحال
l'ijan,اليجان
mtkherjin,متخرجين
chomor,شومور
smt,سمعت
daro,دارو
likontra,ليكونترا
yawno,يعاونو
lijoun,ليجون
mtkhrjin,متخرجين
lafak,الأفاق
lna,قلنا
yfut,يفوت
stin,ستين
sna,سنة
balii,بالي
wldida,وليدة
kml,كمل
nafyam,نافيام
wmbd,ومبعد
lsntr,السنتر
diplome,ديبلوم
specialite,سبيسياليتي
mecanique,ميكانيك
mbaed,مبعد
lelaskar,للعسكر
jouz,جوز
amin,عامين
mbad,مبعد
siya,سيا
saabo,صحابو
ylaw,يلقاو
bessah,بصح
al,حال
anut,حانوت
ymut,يموت
mmd,محمد
kanu,كانو
khawto,خاوتو
khouh,خوه
kbir,كبير
amrou,عمرو
tsa,تسعة
chrin,عشرين
mala,مالا
goltlk,قلتلك
meryeb,ميرب
denya,دنيا
tana,تاعنا
welat,ولات
safa,صافا
lateknoloji,لاتكنولوجي
watna,وقتنا
brbour,بربور
llmouchkilat,للمشاكل
elli,اللي
wkolsh,وكلش
ba,بصح
kantch,كانتش
ldnya,الدنيا
sahla,ساهلة
wtna,وقتنا
yghslou,يغسلو
lwayj,الحوايج
yjiw,يجيو
ytaybo,يطيبو
ldm,العظم
fwq,فوق
ljm,الجمر
ydblso,يدبلسو
blasa,بلاصة
yrouo,يروحو
blyamat,باليامات
ylao,يلحقو
ydablsaw,يدبلساو
leblasa,لبلاصة
belyamat,باليامات
yelao,يلحقو
mashi,ماشي
ltorat,التورت
dwka,دوكا
kayen,كاين
etelfzyon,التلفزيون
elmicroordinateur,الميكروأورديناتور
dwk,دوك
ttawr,تطور
mladha,ملاحظة
shoof,شوف
wallah,والله
tatawor,تطور
malahedh,ملاحظ
douk,دوك
sahel,ساهل
fash,فاش
nsharko,نشركوا
ntsharko,انتشاركوا
fkra,فكرة
hkdha,هكذا
tsharkouni,تشركوني
belafkar,بالأفكار
nawnwk,نعاونوك
hkda,هكذا
lti,قلتي
amrik,أمريك
ntcharko,نتشاركوا
mohem,مهم
mosharaka,مشاركة
yemshi,يمشي
telefon,التليفون
ya,يا
fouad,فؤاد
al-ala,الآلة
tmachich,تمشيش
nji,نجي
nsqmo,نسقمو
ant,أنت
ameriki,أمريكي
bak,باك
tak,تاعك
kifah,كيفاه
mbriparitlo,مبريباريتلو
khayef,خايف
mno,منو
marrakech,ماراكش
librof,ليبروف
rahom,راهم
yolo,يقولو
lkom,لكم
ywriwlkom,يوريولكم
ynsoukom,ينصحوكم
ntom,أنتم
nt,انت
lam,العام
tk,تاعك
lwl,الأول
mndksh,ماعندكش
experience,إكسبريانس
bon,بون
librouf,ليبروف
youlouna,يقولونا
fara,فرحة
tai,تاعي
wedaha,وحدها
mlghi,ملغي
njwzo,نجوزو
ly,الي
frat,فرحات
yolona,يقولونا
dwnk,دونك
nyo,نحيو
lkhli,الخليع
wbdaw,وابداو
traw,تقراو
lbrwmi,البرومي
trimestr,تريمستر
kl,كل
yom,يوم
ndayouch,نضيعوش
lwt,الوقت
lface,الفايس
tafhin,تافهين
raw,قراو
lmasir,المصير
takom,تعاكم
afzo,حافظوا
lymtyar,اليمطيار
lfaza,الحفاظة
sonciyal,سونسيال
lakharch,الأخطارش
homa,هوما
ytlo,يطلعو
lamwayan,الأموايان
s,صح
lmwiyyin,الأمويين
wmilyus,ومليوس
ntya,نتيا
jayston,جايستون
ndk,عندك
limatir,ليماطير
yani,يعني
lesco,السكو
andna,عندنا
contabilite,كونتابيليتي
qualification,كواليفيكاسيون
sat,سات
yekhdm,يخدم
ydomatir,اليدوماتير
drowah,درواه
itisadi,اقتصادي
hado,هادو
abaz,أباز
mblos,مبلوس
khedmi,خدمي
mrayeb,ميرب
khti,ختي
nollek,نقولك
khdmi,خدمي
rasak,راسك
ni,نحي
leb,اللعب
lsarab,القصرب
frji,فرجي
mekhak,مخك
haja,حاجة
wqtha,وقتها
yelab,يلعب
yelgach,يلقاش
sabo,حسابو
yelga,يلقى
dificulti,ديفيكولتي
kher,خر
yjouz,يجوز
yti,يطيح
lik,عليك
ttlflk,تتلفلك
min,مين
tbdai,تبداي
tfzi,تحفظي
sah,صح
hadik,هاديك
dakika,دقيقة
tetlefli,تتلفلي
khalib,خليب
wotrak,وتراك
insha,نشاء
ychelk,يشلك
ychel,يشل
lga,القاع
yjouzo,يجوزو
lbak,الباك
lizotodyon,ليزوتوديون
nta,أنت
ha,حق
yfte,يفتح
aouba,عقوبة
liya,ليا
njouz,نجوز
wndih,ونديه
nchallah,نشاء الله
ndih,نديه
nchaa,نشاء
qik,عقيك
mnsyon,منسيون
noulo,نقولو
belal,بالعقل
teleich,تقلقيش
rouek,روحك
daraja,درجة
hatta,حتى
terbai,تربحي
wllah,والله
brbi,بربي
trbi,تربحي
diri,ديري
f,في
yatk,حياتك
siro,سيرو
hadak,هاداك
ettab,الطب
yroush,يروحش
khsara,خسارة
rayeb,قرايب
mlia,مليحة
amira,أميرة
tefidk,تفيدك
qraytek,قرايتك
benti,بنتي
ddounia,الدنيا
tsennaysh,تسنايش
wahdin,واحدين
yserfo,يصرفو
belwetar,بالوتار
yji,يجي
lwaldin,الوالدين
ykounouch,يكونوش
ttkeli,تتكلي
testafezi,تستحفظي
aja,حاجة
tdoum,تدوم
eddounya,الدنيا
khabbar,خبار
salak,صلاحك
qaryatk,قريتك
hi,هي
ttkli,تتكلي
waed,واحد
eddonya,الدنيا
bdeety,بديتي
tebrmji,تبرمجي
byansor,بيانسور
bditii,بديتي
yah,ياه
nbaribari,نبريباري
l'bac,للباك
bdayty,بدايتي
thfzy,تحفظي
mazlty,مازلتي
bdayt,بديت
nfd,نحفظ
l'bromiyar,البروميار
lwson,لوسون
drnahom,درناهم
wnsito,وقنسيتو
l'bromi,البرومي
trimester,تريماستر
ye,يه
qunsina,قونسينا
nkounou,نكونو
ddar,الدار
nkounoua,نكونوا
wnedrou,ونقدرو
razyoun,رقزيون
in,إن
sha,شاء
tdi,تدي
ent,انت
tshoufi,تشوفي
raytek,قرايتك
lelyouson,ليلوسون
abel,قابل
wencha,وينشاء
besswab,بالصواب
web,ويب
fd,حفظ
bsh,بش
rqzwn,رقزون
tkon,تكون
lswab,الصواب
bsm,بسم
nhkiw,نحكيو
mchkil,مشكل
akhr,أخر
sib,صعيب
lmchkil,المشكل
lqraybe,القرايب
adet,عادت
siba,صعيبة
cheyoukh,الشيوخ
yfahmoukch,يفهموكش
yfahmouk,يفهموك
tro,تروح
khor,خور
tjri,تجري
menna,منا
tra,تقرا
eddar,الدار
bra,برا
ykfykch,يكفيكش
lal,الحال
si,سي
bizarre,بيزار
nhdro,نهدرو
ljazair,الجزائر
brk,برك
nraw,نقراو
tmanya,تمانية
sway,سوايع
nnhar,النهار
rb,ربع
swaay,سوايع
lsba,الصباح
lshiya,و
maltetmenib,مالتمنيب
letnach,لطناش
mwad,مواد
noss,نص
khams,خمس
wadrin,وحدرين
deja,ديجا
lyetwdyon,ليتوديون
yekhrjo,يخرجو
satory,ساعتوري
mmr,معمر
sybon,سيبون
yekhrj,يخرج
ydrsh,يقدرش
yekhmm,يخمم
yra,يقرا
zid,زيد
sheikh,شيخ
ytih,يعطيه
lwen,لون
hdak,هذاك
bth,بحث
lakhir,والآخر
tmrin,تمرين
frd,فرض
stijwab,استجواب
tkhrej,تخرج
lkhmsa,الخمسة
twsel,توصل
jwayh,جوايه
l'estop,الاستوب
tqdrsh,تقدرش
thfez,تحفظ
tkhrj,تخرج
tmnyt,تمنيت
nahar,نهار
sir,قصير
ndna,عندنا
sorto,سورتو
sheta,الشتاء
rabbi,ربي
nri,نريح
wed,واحد
essaa,الساعة
nrou,نروح
nreqed,نرقد
mmkn,ممكن
faw,فوق
odra,قدرة
nadrosh,نقدروش
nkhrejo,نخرجو
llyl,الليل
nrouo,نروحو
nlo,نحلو
ltmarin,التمارين
ndiro,نديرو
both,بحوث
nbribaryo,نبريباريو
lfrod,الفروض
limtianat,الامتحانات
makanch,ماكانش
menha,منها
talim,التعليم
fasid,فاسد
bladna,بلادنا
ennas,الناس
neqra,نقرا
lycee,الليسي
maranish,مارانيش
laqi,لاقي
hesabi,حسابي
nkra,نقرا
lsem,القسم
tmn,تمن
swa,سوايع
ltlamidh,التلاميذ
enteb,انتبع
lesm,القسم
nkd,نقعد
ttabla,الطابلة
nal,نحل
tmaren,تمارين
nrevizi,نريفيزي
nrouh,نروح
yollek,يقولك
tla,تلقى
tjiik,تجيك
tder,تقدر
tfhm,تفهم
tkhdm,تخدم
lfard,الفرض
limtian,الامتحان
tich,تعيش
triizi,تريقيزي
diboun,ديبون
not,نوت
nchouf,نشوف
ranaach,راناش
laqin,لاحقين
malabalich,ماعلاباليش
tna,تاعنا
fsad,فسد
chouka,الشوكة
ytounach,يعطوناش
maloumat,معلومات
ad,عاد
kolsh,كلش
blikor,بليكور
ydirsh,يديرش
lyikor,اليكور
ydish,يديش
lanut,لانوت
wlash,وعلاش
wlat,ولات
lakhtar,الأخطر
ltmi,التمي
zed,زاد
yhbt,يهبط
lnyqo,النيقو
makach,مكاش
nio,نيقو
bisko,بسكو
nib,نيب
likor,ليكور
andi,عندي
bossible,بوسيبل
ntb,انتبع
lklasb,الكلاصب
nriqzi,نريقزي
normalmo,نورمالمو
bhado,بهادو
di,دي
bonot,بونوت
njib,نجيب
bamo,بعامو
nrb,نربح
normal,نورمال
ydir,يدير
lkhmr,الخمر
ndo,عندو
walo,والو
rras,الرأس
for,فور
ydirosh,يديروش
wydir,ويدير
lmjhdatt,المجهودات
kaml,كامل
lila,قليلة
mntiha,منتهى
laliya,العقلية
lkhacra,الخاصرة
hadya,هاديا
lil,قليل
nafsi,نفسي
noul,نقول
yhdi-na,يهدينا
wyhdi-hom,ويهديهم
weselna,وصلنا
lew,لو
kelsh,كلش
mezaher,مزاحر
lina,ولينا
narfou,نعرفو
essiyassa,السياسة
hadiya,هاديا
lmetna,المتناع
yetkalem,يتكلم
rouou,روحو
yetkallesh,يتكلش
akher,آخر
wlyna,ولينا
nqraw,نقراو
mzytna,مزيتنا
ytbeo,يتبعو
fina,فينا
andnach,عندناش
mahboub,محبوب
khatr,خاطر
ntl,نطلع
nra,نقرا
ntaf,نتقف
nalem,نعلم
rana,رانا
ino,عينو
yetaf,يتقف
yrou,يروح
lilmaktaba,للمكتبة
internet,إنترنت
recharge,روشارج
lrayeb,القرايب
finouman,فينومان
jdid,جديد
laraf,الأقراف
youjou,يوجعو
rasso,راسو
ynoud,ينوض
drab,دراب
majbtnish,معجبتنيش
darb,ضرب
n'dir,ندير
darab,ضراب
lizilf,ليزيلف
mdirb,مديرب
galtni,قالقتني
mdireb,مديرب
letni,قلقتني
brof,بروف
zemil,زميل
galni,قلقني
dorab,دورب
malabalhomsh,ماعلبالهمش
nass,الناس
jibhom,جيبهم
aychin,عايشين
bihom,بيهم
lmshkl,المشكل
ykoun,يكون
yethalek,يتحلك
ombad,أومبعد
lizilaf,ليزيلاف
yelawsh,يلقاوش
sabhom,حسابهم
weed,وحد
yriwek,يقريوك
shahr,شهر
andek,عندك
semanat,سمانات
abiha,العبيها
tah,طاح
anna,عنا
nsahou,نسحق
ntala,نطلع
nivo,نيفو
nkml,نكمل
brougram,بروقرام
sybwna,سيبونا
dnash,عدناش
nmlw,نحملو
dertch,قدرتش
nemel,نحمل
had,هاد
ech-chi,الشيء
fsd,فسد
hajeb,هاجب
baqat,بقات
alha,حالها
baat,بقات
wesleti,وصلتي
l'projey,البروجي
taa'k,تاعك
l'rayeb,القرايب
bdeenaash,بديناش
. choukran,شكرا
. chabab,شباب
. chams,شمس
. chay,شاي
. chal,شال
bdenash,بديناش
bdeinash,بديناش
l'mastar,الماستار
y,يح
mister,مستر
dou,دو
master,ماستر
amayen,إعمين
lamin,الأمين
wm,وم
dw,دو
bda,بدا
darouh,داروه
bdaou,بداو
khdmou,خدمو
laspiciality,لاسبيسياليتي
ichi,عيشي
wkayen,وكاين
spicialiti,سبيسياليتي
abeb,حابب
rizo,ريزو
mkanch,مكانش
trizor,تريزور
ltma,التما
ydoumondiw,يدومونديو
liboust,ليبوست
t-trezor,الطريزور
ysqo,يسحقو
l'informatique,الإنفورماتيك
linformatik,الانفورماتيك
tlabouch,طلبوش
tlbo,طلبوا
jon,جون
sizi,سيزي
seize,سيزي
tqbliha,تقبليها
nendeb,نندب
biha,بيها
qrit,قريت
l'ispeciality,الإسبيسياليتي
jwn,جون
whd,واحد
ykhdem,يخدم
lisansy,ليسانسي
konkor,كونكور
ltlk,قلتلك
jw,جو
krua,كروا
wajdin,واجدين
dakonse,داكونص
jawzt,جوزت
konkour,كونكور
galtlk,قلتلك
jaw,جو
krawa,كروا
daqouns,داقونس
esabhom,الصحابهم
ob,حب
nadya,ناديا
hadiik,هاديك
ltfla,الطفلة
shftha,شفتها
tskn,تسكن
kouba,كوبا
kash,كاش
oli,قولي
taich,تعيش
lizambo,ليزامبو
ngoul,نقول
lak,لك
dhak,ذاك
wr,ور
concours,كونكور
post,بوست
mlih,مليح
wmwal,وموال
boust,بوست
qraytk,قرايتك
lisanseal,ليسانسيال
seizi,سيزي
andeksh,عندكش
louchwa,لوشوا
de,دو
gabelinha,قابلينها
golti,قلتي
mwalabd,موالعبد
ybda,يبدا
ykhdm,يخدم
tkhdmii,تخدمي
taek,تاعك
jawbuna,جاوبونا
mopo,ﻣﭙﻮ
mousibl,موسيبل
nimportkal,نامبورتكال
ado,عادو
lesancy,ليسونسي
parisomble,باريسومبل
jat,جات
yat,يحط
bek,بك
yekhdmou,يخدمو
kheir,خير
meni,مني
wkayn,وكاين
ykhdmo,يخدمو
barykozmbl,باريكوزمبل
balmastar,بالماستار
teti,تحطي
en,أن
stand,سطان
lakwntability,لاكونتابيليتي
possible,بوسيبل
raki,راكي
drti,درتي
l'comptabilite,الكونتابيليتي
yjik,يجيك
nott,نحط
basko,باسكو
nasin,ناقصين
nasa,ناقصة
lkontabilite,الكونتابيليتي
alala,الآلة
kamla,كاملة
louche,لوشوا
wa,و
teebi,تحبي
enti,أنت
no,نو
tet,حطيت
dosi,دوسي
kontra,كونترا
kontara,كونترا
olt,قلت
nhakem,نحكم
ed-dawla,الدولة
ykhls,يخلص
lkwntra,الكونترا
rwnwfly,رونوفلي
kwntra,كونترا
brifi,بريفي
kontira,كونترا
and,عند
bkontira,بكونترا
lkouma,الحكومة
ader,قادر
trsim,ترسيم
jobouns,جوبونس
ala,حالة
elala,الالا
ykemuk,يحكموك
galak,قالك
tkouni,تكوني
khdama,خدامة
srayo,صريو
ykemouk,يحكموك
lt,قلت
lk,لك
bariskombel,باريسكومبل
shfti,شفتي
lbrivi,البريفي
wara,ورا
lwkan,لوكان
nkhedm,نخدم
pariscomble,باريسكومبل
nla,نلقى
nder,نقدر
nkhls,نخلص
dwfo,ضوفوا
yfiouch,يفيقوش
besskout,بالسكوت
elbrievi,البريفي
wedha,وحدها
leeta,ليتا
youlo,يقولو
yabilha,يقبلها
bnti,بنتي
brefi,بريفي
sqsythm,سقسيتهم
lnaam,النعام
lhm,لهم
fwllh,فوالله
nqdr,نقدر
baryqzwmbl,باريقزومبل
nkhdm,نخدم
khdma,خدمة
wdkhra,وحدخرا
qalwly,قالولي
tkhdmi,تخدمي
endak,إنداك
tedemi,تقدمي
galouha,قالوها
houma,هما
hadrouha,هدروها
kteblo,كتبلو
wi,وي
l'concours,الكونكور
tjawzi'h,تجوزيه
tratesh,تراتيش
lazm,لازم
yh,يه
tjik,تجيك
mmken,ممكن
konkeri,كونكري
tjawziha,تجوزيه
anta,أنت
bagage,باقاج
ybarek,يبارك
elamdulillah,الحمد لله
tsmi,تسمي
tkhmmsh,تخممش
kontabilite,كونتابيليتي
informatik,إنفورماتيك
alib,حالب
lawkan,لوكان
kmlt,كملت
biologie,بيولوجي
nelqa,نلقى
fhemti,فهمتي
sidi,سيدي
alwi,علوي
dkhli,دخلي
tkamli,تكملي
biologi,بيولوجي
tzidich,تزيديش
thtiha,تحطيها
balak,العبالك
loukan,لوكان
tzidi,تزيدي
thti,تحطي
roui,روحي
hawsi,حوسي
lkhdma,الخدمة
tray,تقراي
ebali,عبالي
yelzem,يلزم
rouo,روحو
sadouni,ساعدوني
lkhedma,الخدمة
soukou,سوكو
ykheliwak,يخليوك
teray,تقراي
farmasi,فارماسي
mam,مام
anformatik,أنفورماتيك
kontabiliti,كونتابيليتي
mlah,ملاح
tqdri,تقدري
lbank,البنك
bariqouzmabl,باريقوزمبل
elmohem,المهم
yelzmek,يلزمك
lmarifa,المعريفة
marifa,معريفة
teder,تقدر
tkounch,تكونش
minha,منها
tjwzy,تجوزي
fihech,فيهش
mrifa,معريفة
kontrol,كونترول
finans,فينانس
lisanssi,ليسونسي
lkontrol,الكونترول
atab,حطب
fawzi,فوزي
jaha,جاها
lboust,لبوست
khwi,خوي
troh,تروح
l'wobital,الوبيتال
rbt,ربحت
l'awla,الأولى
barmi,بارمي
hadouk,هادوك
l'ka,القاع
aa,حقا
loubital,المستشفى
tekounferma,تكونفيرما
galt,قالت
l'wopital,الوبيتال
tkounfirmma,تكونفيرما
trsmet,ترسمت
chghel,شغل
stagiaire,استاجيار
ttkonfrma,تتكونفرما
dkhalt,دخلت
istijar,استاجار
naam,نعم
tytoular,تيتولار
lakonfirmasyon,لاكنفرماسيون
bry,بري
nov,نوف
moua,موا
konfirmasyon,كونفيرماسيون
lakonfrans,لاكونفرانس
heka,هكا
hay,هاي
esma,اسمع
shefti,شفتي
shal,شحال
temermadt,تمرمدت
mohandis,مهندس
el-informatique,الإنفورماتيك
fennan,دو
meskin,
rfi,رفيقي
bryomloa,بريوملوا
yghli,يغلي
llib,الحليب
galolk,قالولك
shhr,شهر
galouli,قالولي
aksam,أقسم
billah,بالله
mouchkila,مشكلة
shr,شحر
khoya,خويا
radio,راديو
skanar,سكانار
tehkemli,تحكملي
rendez-vous,رونديفو
essmaneb,السمانب
sai,ساي
hekmet,حكمت
jdwa,جدوا
lih,عليه
atnash,أطناش
odwa,قدوة
raa,راحة
radiwat,راديوات
dari,ضري
dhiri,ضيري
lyradyo,ليراديو
skenar,سكنار
wtach,وقتاش
balysh,باليش
raye,رايح
lha,لها
walyoum,واليوم
rti,رحتي
analiz,أناليز
whadi,وهادي
normalmon,نورمالمون
laqwa,الأقوى
gal,قال
khamis,خميس
ykmlouhomsh,يكملوهمش
kmlouhom,كملوهم
janvier,جانفي
mouchkil,مشكل
janfi,جانفي
lalla,لالة
nedsh,نقدش
ljanfi,لجانفي
eldmk,العظمك
marf,معرف
jnfy,جنفي
fvry,فيفري
tdyk,تديك
tjibk,تجيبك
how,هو
letama,لتما
tetrakla,تترقلة
houa,هو
wlide,وليد
mek,عمك
l'nour,لنور
yjibo,يجيبو
jabouch,جابوش
eddwa,الدواء
sahbt'ha,صاحبتها
jabou,جابو
dawa,دواء
dernalek,درنالك
chwash,شواش
nrqd,نرقد
trdi,ترقدي
rahb,راحب
trqdi,ترقدي
nsit,نسيت
waila,واقيلة
jdo,جدوا
mkash,مكاش
nkhedmouch,نخدموش
frigidair,فريجيدار
galouna,قالونا
kmlouha,كملوها
lklimatizor,الكليماتيزور
sadyoun,صاديون
lbalyech,الباليش
skou,سكو
lfrigidar,الفريجيدار
yabsou,يحبسو
youlk,يقولك
jdw,جدوا
roou,روحو
zidou,زيدو
kmlou,كملو
thbsou,تحبسو
wah,واه
jdou,جدوا
jdoua,جدوة
berrak,برك
khalast,خلاصت
lmtar,الأمطار
barek,برك
tat,تحت
lfrigidair,الفريجيدار
tsma,تسمى
mazalo,مازالو
lstock,الستوك
makhbiyin,ماخبيين
khalas,خلاص
jayeb,جايب
yjibouha,يجيبوها
blida,البليدة
lachour,لعاشور
labali,علابالي
ashour,عاشور
baly,بالي
yzido,يزيدو
yzidu,يزيدو
yjibu,يجيبو
yabs,يحبس
zin,زين
qd,قد
lzrin,الزرين
yjib,يجيب
essela,السلعة
lwzin,الوزين
ybiouhom,يبيعوهم
ytbouhomsh,يتبعوهمش
washn,واشن
lfrijidarat,الفريجيدارات
wlklimatezor,والكليماتيزور
khyr,خير
malish,ماليش
shah,شاح
bay,باي
cha,شا
lo,لو
feryal,فريال
sham,شام
lkhir,الخير
nour,نور
elhamdulillah,الحمد لله
lhamd,الحمد
lillah,لله
elamd,الحمد
ayet,أيت
lnerjes,لنرجس
yaah,ياه
ouli,قولي
rafikak,رفيقك
tab,تعب
arba,أربع
sita,ستة
nos,نص
hakaak,هكاك
lbalon,البالون
blon,بلون
kasi,كاسي
hka,هكا
smt'hash,سمعتهاش
alwan,الوان
lek,لك
tji,تجي
behalek,بهالك
dai,داعي
ntlaha,نتلهى
. alet,قالت
. likom,لكم
. rah,راح
. nrou,نروح
. nardoha,نعرضها
. biha,بيها
. brajlha,براجلها
aadt,قعدت
ay,أي
tata,طاطا
trda,
sameini,دقيقة
daia,دقيقة
nhedder,نهدر
hedri,هدري
leha,لها
rai,راحي
ben,بن
mahidi,مهيدي
hdri,أنت
"to provide a detailed mapping from arabizi to arabic for the word ""ch""",here is the requested format:
ch,ش
achour,عاشور
likom,لكم
nardoha,نعرضها
brajlha,براجلها
rahi,راهي
lben,مهيدي
lebn,لبن
jdwaa,جدوا
fatia,تاع
cham,شام
rwi,روحي
rdyha,أرضيها
bskut,بسكوت
tsna,تسنى
jabtnish,عجبتنيش
fahmt,فهمت؟
sbartch,صبرتش
nerges,نرجس
lech,العش
redtch,عرضتش
yni,يعني
asem,قسم
labs,لابس
lbaya,العباية
lbare,البارح
adetch,قعدتش
aletlha,قالتلها
elbare,البارح
adouch,قعدوش
khalty,خالتي
zaineb,زينب
fatea,فاتحة
tfahmish,تفهميش
ard'iha,أرضيها
fata,فاتحة
tfhmich,تفهميش
rui,روحي
ardyiha,أرضيها
ruhi,روحي
rayha,رايحة
tsenna,تسنى
fik,فيك
berkay,بركاي
sekti,سكتي
goli,قولي
trou,تروح
taradh'ha,تعرضها
toulk,تقولك
alb,عقلب
iti,إيتي
bent,بنت
houria,حورية
houriayat,حوريات
naytlhm,نايتلهم
yishk,يعيشك
rdha,عرضها
yichk,يعيشك
lsh,الش
llbnat,للبنات
maryam,مريم
walzhra,والزهرة
elzahra,الزهرة
lilya,ليليا
khwateha,خواتها
warda,وردة
elbanat,البنات
haji,هاجي
khaliti,خالتي
zineb,زينب
trf,تعرف
asmuathom,اسمواتهم
tqoul,تقول
lhom,لهم
fratt,فرات
ytik,يعطيك
essaha,الصحة
mzya,مزية
awnina,عاونينا
rona,روحنا
malich,معليش
koubi,كوبي
lawriya,لحورية
ttik,تعطيك
lnmra,النمرة
hbibk,حبيبك
hafidha,حفيظة
andhash,عندهاش
nimero,نيميرو
habibha,حبيبها
aman,أمان
hh,هه
nawn,نعاون
fikom,فيكم
ayh,أيه
chach,شحاح
naawn,نعاون
ayeh,آيه
chwya,شوية
msa,المساء
ih,يه
flan,فلان
jalek,عجالك
entiya,أنتيا
eyt,ايت
embli,إمبعلي
ltlksh,قلتلكش
jebtlek,جبتلك
bib,بيب
l'ablich,الأباليش
esko,اسكو
kenti,كنتي
teyiti,تعيطي
fihom,فيهم
ketbi,كتبي
foks,فكس
fix,فيكس
yeh,يه
kteb,كتب
stylo,ستيلو
rahet,راحت
wdok,ودوك
talein,طالعين
lenba,لعنبة
naba,تجي
bydab,بيضب
tma,تما
rahou,راحوا
bare,بارح
estanna,استناي
yekteb,يكتب
fiks,فيكس
portable,بورتابل
fax,فاكس
ktebli,كتبلي
el-fix,الفيكس
haya,هايا
amli,أملي
yektebhouli,يكتبهولي
ktaby,كتابي
bibi,بيبي
tjb,تعجب
josstomo,جوسطومو
nitlha,نيتلها
khali,خلي
naayet,نعيط
and'ha,عندها
yzid,يزيد
ysakni,يصقيني
mrsi,مرسي
numerro,نميرو
gelt,قلت
krim,كريم
geltlha,قلتلها
lemmamak,لماماك
mrida,مريضة
galtli,قالتلي
wasset,وساط
ferat,فرات
salih,صالح
litilha,قلتيلها
lbnet,للبنات
adi,قدي
ilayha,إليها
karimab,كريمب
goulilha,قوليلها
tgoul,تقول
lkhawateha,لخواتها
lbanat,للبنات
touli,تقولي
lhouria,حورية
blak,بلاك
l'hom,لهم
fiza,حفيظة
dam,قدام
lylia,ليليا
ferial,فريال
ntklm,نتكلم
naawdolha,نعاودلها
khalti,خالتي
moya,موية
wrdib,ورديب
wlawiza,والويزة
zidi,زيدي
noulha,نقولها
anedok,عنيدوك
nayetlha,نعيطلها
nflixi,نفليكسي
achra,عشرة
laf,لاف
wsiha,وصيها
naoulha,نقولها
thnina,ثنينا
rakom,راكم
ellil,الليل
tehdr,تهدر
bezzaf,بيضب
tarek,طارق
tzid,تزيد
teawed,تعاود
laz,لاز
bayen,بيان
mani,ماني
bellah,بالله
byedreb,واللي
tare,طارق
tnsanach,تنساناش
tmot,تموت
tnsak,تنساك
nrjs,نرجس
lnrjs,لنرجس
qwlilha,قوليلها
qaltlk,قالتلك
rfyqk,رفيقك
tkhlili,تخليلي
bab,باب
lmani,الأماني
tlbs'ha,تلبسها
ntklem,نتكلم
naitlha,نعيطلها
awnouna,عاونونا
whedna,وحدنا
linach,لقيناش
rouna,روحنا
nawed,نعاود
nayet,نعيط
lrfia,لرفيقة
nkonfermilha,نكونفرميلها
eytilha,ايطيلها
mwiya,موية
eytet,ايطت
mafid,مفيض
raftch,عرفتش
nmiro,نميرو
oliilha,قوليلها
zado,زادوا
yetoulouk,يطولك
mghlou,مغلوق
lkhtarch,الأخترش
ytnalha,عيطنالها
rdna'ha,عرضناها
tqouli'la,تقوليلها
qouli,قولي
lmfid,المفيد
rdnaha,عرضناها
tqoulylha,تقوليلها
glt,قلت
khli,خلي
mofid,مفيد
dib,ديب
litch,لقيتش
l'numiro,النميرو
taha,تاعها
shufi,شوفي
narjes,نرجس
olilha,قوليلها
aletlek,قالتلك
khaltek,خالتي
yeji,يجي
lelasha,للعشاء
arbaa,أربعاء
madi,حمادي
ltlha,قلتلها
nargis,نرجس
rdtha,عرضتها
rdtyha,رضتيها
l'ardya,الأرضية
loulbar,لولبارح
dark,دارك
teollek,تقولك
yetli,عيطتلي
erdtiha,الرضتيها
ntiya,نتيا
narges,نرجس
kantet,كانت
mouya,موية
galtlek,قالتلك
malsbah,مالصباح
teyitlk,تعيطلك
tafi,طافي
chala,شاعلة
altlk,قالتلك
tfi,تعفي
malsba,مالصباح
tayetlek,قالتلك
tchoufliha,روبة
robe,البنتها
bnt'ha,من
robat,اللي
omraha,عمرها
tlath,ثلاث
shwiya,شوية
tlata,ثلاث
rob,ربع
wda,وحدة
blosyal,بلوسيال
blysi,بليسي
njibhalha,نجيبهالها
aletli,قالتلي
abitsh,حبيتش
oltlek,قلتلك
hawest,حوست
litouch,لقيتوش
gltlk,قلتلك
nrdaa,نرضاها
brison,بريسون
fhmt,فهمت
oulylha,قوليلها
lyha,ليها
ardatch,عرضتش
kharja,خارجة
lakhtarsh,الأخطرش
qdwa,قدوة
lfata,الفاتحة
hicham,هشام
trouh,عندها
twdsweet,تودسويت
ydimary,يديماري
tekili,تحكيلي
fatma,فاطمة
ez-zahra,الزهرة
tewes,تحوس
en-numiro,النميرو
mufid,مفيد
latouch,لقاتوش
bizare,بيزار
moshkel,مشكل
bass,باس
bariqzombl,باريقزومبل
twsl,توصل
lshra,العشرة
qla,قلا
btata,بطاطا
tjib,تجيب
sharb,شارب
lmsid,المسيد
fhmty,فهمتي؟
farat,فراط
tatlaha,تتلقاها
tlaha,تلقاها
teb,تحب
teqdi,تقضي
chghelha,شغلها
fti,فتي
yachin,عياشين
l'bricyon,البريسيون
l'bersiyon,البرسيون
lmadi,لحمادي
ghltti,غلطتي
ktbet,كتبت
huwa,هو
tlek,عطلك
feh,فيه
dikrouchiti,ديكروشيتي
maskin,مسكين
setif,سطيف
kamtihaash,حكمتيهاش
ailli,قايلي
itali,ايطالي
naytlha,نايتلها
yayetlek,يعيطلك
oulilou,قوليلو
saye,صايع
akmetni,حكمتني
rfia,رفيقة
njiblha,نجيبلها
mthnya,مثنية
domondat,دوموندات
tnsaynish,تنساينيش
jibily,جيبيلي
sour,صور
mkaryin,النهار
ymedmeli,وفرات
thalay,ثلاي
khir,خير
anouna,حنونة
mama,ماما
ayti,أيطي
itlha,إيطلها
sayi,سايي
etlha,إيطلها
saay,صاي
aytet,عيطت
ljal,العجال
adret,حضرت
gombid,قومبيد
mranis,مرانيش
kokb,كوكب
dirakt,ديراكت
taqach,تعقاش
wayti,وايطي
baqi,باقي
lekawkab,لكوكب
tjiiblna,تجيبلنا
khobz,خبز
yfzk,يحفظك
chahha,شاحة
bissalat,بالصلاة
gltlha,قلتلها
labiba,لبيبة
bas,باس
chkoun,شكون
elamdulilah,الحمد لله
yaysh,يعيش
lbeb,البيب
houriya,حورية
banat,البنات
zahra,الزهرة
yssi,يسقسي
lkhier,الخير
alhamdulillah,الحمد لله
tsqi,تصحقي
jwziha,جوزيها
ayi,آي
khrjt,خرجت
khrjtch,خرجتش
ukhti,أختي
darha,دارها
rahish,راحيش
ismi,اسمي
altlek,قالتلك
ers,عرس
waled,وليد
lwest,لوسط
dismber,ديسمبر
lwst,لوسط
dysmbr,ديسمبر
ars,أرس
walidha,وليدها
lwast,لوسط
lmaryam,المريم
marwdin,معروضين
lzahra,الزهرة
mruyin,مرويين
asmi,عصمي
andkomsh,عندكمش
habibi,حبيبي
lbali,العبالي
snayi,صناي
nsqsi,نسقسي
lzhar,الزهر
zhra,زهرة
nimiro,نيميرو
koun,كون
habib,حبيب
zinab,زينب
rahli,راحلي
rali,راحلي
wriya,حورية
ytili,عيطيلي
lfryal,الفريال
tktbholk,تكتبهولك
sor,صور
blaki,بلاكي
asma,أسمع
ouliilha,قوليلها
louria,لحورية
llilya,لليليا
elwarda,الوردة
elweeza,الويزة
lqayd,القايد
ywsf,يوسف
nwry,نوري
taichi,تعيشي
rahoula,راحولها
l'nimourat,النمورات
hsalt,حصلت
etlkom,إيطلكم
mchach,مشاش
swnach,صوناش
ghalta,غالطة
n-numero,النيميرو
aih,آيه
bslama,بالسلامة
slmi,سلمي
lihom,عليهم
yslmk,يسلمك
litili,قلتيلي
lwessat,لوساط
lwassata,الوساطة
lwsat,لوساط
dismbr,ديسمبر
mribot,مريبوت
olilhom,قوليلهم
dakor,داكور
besslah,بالصلاح
yblgh,يبلغ
hanan,حنان
nouri,نوري
alabas,الأباس
enta,أنت
rak,راك
elkhier,الخير
anan,حنان
lmrat,لمرات
yusuf,يوسف
rs,عرس
wled,وليد
jina,جينا
tlina,طلينا
estanay,استناي
njouzlak,نجوزلك
tfahemni,تفهمني
tariq,الطريق
klinic,كلينيك
sibous,سيبوس
thbti,ثبطي
maltat,مالتحت
nebet,نحبط
nesesi,نسقسي
breek,برك
wayn,وين
laklinic,لاكلينيك
neb,نحب
sqsi,سقسي
lmassage,المساج
sraydi,سرايدي
lmsaj,المساج
tbibe,طبيب
kyni,كيني
hou,هو
yekhdam,يخدم
sebto,حسبتو
medsa,ميدسا
midssa,ميدسا
dderan,الدرعان
tjibli,تجيبلي
l'adras,الأدراس
jabt'halish,جابتهاليش
yfhem,يفهم
khalli,خلي
eddarras,صارب
njareb,نجرب
dourian,دريان
badis,باديس
nsiw,نسيو
nrouhlo,نروحلو
ldolar,الدولار
eddolar,الدولار
nderch,نقدرش
nmshi,نمشي
ebalek,العبالك
mkaboub,مكبوب
dhri,ظهري
fiya,فيا
hala,حالة
fehmtch,فهمتش
sayir,صاير
lster,الستر
zmb,زمب
malfou,مالفوق
lajal,الأجل
lmobarak,المبر
adat,عادت
mayelb,مايلب
hakda,هكذا
lbalk,العبالك
mlt,عملت
fya,فيا
sm,قسم
bllah,بالله
l'abalk,الأبالك
malt,عملت
asam,قسم
b'allah,بالله
bayna,باينة
wjah,وجه
shftiha,شفتيها
fhmti,فهمتي
radyo,الراديو
lmatrah,المطرح
mtr,تاعك
tato,كونتر
konter,بلاكي
kontour,كونتور
fougou,فوقو
bsatat,بصاطات
khachin,خاشين
gada,قاعدة
matra,مطرح
lmatr,المطرح
hakak,هكاك
nraed,نرقد
lti-li,قلتيلي
nti,نتي
lnumber,النمبر
mayl,مايل
nesli,نقصلي
lazemli,لازملي
massage,مساج
sino,سينو
nebs,نحبس
lbiha,العبيها
nzreb,نزرب
lazmk,الأزمك
msaj,مساج
tba,تبقى
l'abyha,الأبيها
ngoulk,نقولك
zarbi,زربي
sqsili,سقسيلي
tlqay,تلقاي
brik,برك
goulili,قوليلي
mlich,معليش
sarah,صارح
sqsya,سقسية
wytili,وعيطيلي
wnzed,ونزيد
nytlk,نعيطلك
tychi,طيشي
sarb,صارب
yychk,يعيشك
chab,شاب
nmem,نخمم
lbalysh,العباليش
kefash,كيفاش
rayin,رايحين
ydiro,يديرو
baqlawa,بقلاوة
kawkab,كوكب
lyom,اليوم
tbda,تبدا
elyoum,اليوم
tebda,تبدأ
lmqarout,المقروط
dartou,دارتو
bdet,بدات
jema,جمعة
marout,مقروط
teed,تقعد
elwa,حلوى
shandak,شحندك
laal,لاصال
disk,ديسك
jockey,جوكي
klach,كلش
didji,ديدجي
akamnaho,حكمناه
lessel,لعسل
makoum,محكوم
siboun,سيبون
lardh,الأرض
saya,صاي
saabou,صحابو
lardhhom,الأرضهم
ard'houm,أرضهم
rdna,الرضنا
ard,أرض
lrd,الأرض
yb,يحب
thanito,ثانيتو
baw,بقاو
yardohom,يعرضهم
rjal,رجال
tkhafsh,تخافش
mnhom,منهم
errjal,الرجال
khfaff,خفاف
wentoma,ونتوما
kmltoua,كملتوا
ardtoua,أرضتوا
say,صاي
wentouma,ونتوما
kmlna,كملنا
brak,براك
telefonilhom,تليفونيلهم
ayzin,عايزين
sybwn,سيبون
tnat,ثنات
aytaw,أيطو
ytnalhash,عيطنالهاش
aytanhla,أيطنلها
nsesi,نسقسي
ardha,أرضها
asmai,أسمعي
yetkalek,يتكلك
saqsiha,سقسيها
wila,ويلا
andha,عندها
roh,روح
bat,بات
tkarih,تكريهم
amani,أماني
aytla,عيطلها
lzouj,الزوج
swaia,سوايع
wssitk,وصيتك
tsqsiha,تسقسيها
rouh,روح
saftandah,سافتنداه
sghar,صغار
chftha,شفتها
ayjiw,أيجيو
barikso,باريكسو
mtl,مثل
lbnt,البنات
lamouna,لامونة
lamani,الأماني
tdiha,تديها
tqis,تقيس
belsco,بالسكو
capable,كابابل
yjiwch,يجيوش
qdah,قداه
mwal,موال
teqaysi,تقيسي
bel-sco,بالسكو
kaynin,كاينين
declin,ديكلاين
yejiw,يجيو
yeqayso,يقيسو
tenos'lahom,تنقصلهم
fel-tay,في الطاي
diklayon,ديكلايون
yqayso,يقيسو
tnoslhom,تنقصلهم
zido,زيدو
choufo,شوفو
kriti,كريتي
kal,كال
kolor,كولور
blwn,بلون
mwaf,مواف
troi,تروحي
bayda,بيضا
beyda,بيضة
eloukhra,الوخرى
moumoufa,موموفة
nlbs,نلبس
braka,براكة
barakeb,براكب
bouysek,بويسك
trohi,تروحي
l'arwasp,الأروسب
l'lil,الليل
tlbsi,تلبسي
yirbah,يربح
rabeh,رابح
yrb,يربع
ldheem,العظيم
errak,الرك
tlih,تلقيه
netlaa,نتلاقى
chari,شري
ntlao,نتلاقو
lakwafir,لاكوافير
lahem,لاهم
yeznun,يحزنون
kouafir,كوافير
bayan,بيان
haa,حقة
coiffeur,كوافير
netmaw,نطمو
ybqa,يبقى
matlouq,مطلوق
ndour,ندور
makom,معاكم
lawn,العون
thelay,تهلاي
bydk,بيدك
jdwah,جدوة
tbatt,تزيد
lbad,البعد
rahem,راحم
mrydh,مريضة
malmarad,مالمرض
ailti,عائلتي
lkbera,الكبيرة
rdwan,رضوان
janazat,جنازات
seif,صيف
azim,عظيم
rdouk,رضوك
jenazat,جنازات
ileyk,إليك
adhim,عظيم
labd,العبد
tayebt,طيبت
out,حوت
elout,الحوت
bsehtek,بصحتك
baghi,باغي
we,وي
bessma,بصمة
faral,فرحال
amdulillah,حمد لله
safi,صافي
taeb,تعب
mamak,ماماك
ngoulo,نقولو
dderari,الدراري
hblouni,هبلوني
tarfi,تعرفي
jnoun,جنون
yakhdoch,ياخدوش
errai,الراي
mrabiyyin,مربيين
ablouni,حبلوني
tarifi,تعرفي
ngoulou,نقولو
hkak,هكاك
bork,برك
brsha,برشا
shwya,شوية
trfiha,تعرفيها
smb,سمب
mrid,مريض
saih,صحيح
marida,مريضة
halat,حالة
rajmha,قراجمها
lwatr,القواطر
myat,ميات
l-atnasyon,الأطنسيون
anis,أنيس
fmak,فمك
sket,سكت
hati,هاتي
mirab,ميراب
loukher,لوخر
skra,سكرة
mkank,مكانك
bsora,بسرعة
ydok,يدق
jras,جرس
liti,لقيتي
ostad,استاد
bini,بيني
nsti,نستي
aghla,اغلق
yekhrej,يخرج
lbara,لبرا
aghlaq,اغلق
lrai,الرأي
yakhdo,ياخدو
illa,إلا
belk,بالك
tqadri,تقدري
tksbihom,تكسبيهم
tsaysihom,تسايسيهم
trfi,تعرفي
tdlilhom,تدخليلهم
sayes,سايس
bsmab,بصمب
ldrari,الدراري
lsghar,الصغار
alyto,عقليتو
kifash,كيفاش
tdirilo,تديريلو
ywliw,يوليو
taht,تحت
youd,يعود
houwa,هو
yachem,يحشم
mennek,منك
naddir,ندير
listidadat,الاستعدادات
tlamidh,تلاميذ
absou,أحبسو
ess,حس
tfahmna,تفهمنا
lfawda,الفوضى
ythrk,يتحرك
natlo,نحطلو
sfar,صفر
yetarek,يتحرك
hahi,هاهي
elasha,العشاء
bah,باه
yfhmo,يفهمو
lisa,العيسى
yfahmo,يفهمو
belissa,بالعيسى
oula,أولى
wejhak,وجهك
dayreb,دايرب
l'tayr,الطير
msakin,مساكن
lray,الراي
tadi,تقعدي
ykraho,يكرهو
mnk,منك
tkrahi,تكرهي
mnhm,منهم
yheblk,يحبلك
ltalim,التعليم
sahl,ساهل
yblk,يحبلك
hadhi,هذي
jaratna,جارتنا
teqri,تقري
hakdha,هكذا
el-hadhana,الحضانة
el-sena,السنة
el-oula,الأولى
wel-thaniya,والثانية
wel-thalitha,والثالثة
meskina,مسكينة
el-abalek,الأبالك
la'hom,لهم
el-siyasa,السياسة
rjeo,رجعو
yemouto,يموتو
liha,عليها
smati,سمعتي
snaay,سناي
thadri,تهدري
grawti,قراوتي
sni,سني
boubalash,بوبلاش
beldrahm,بالدراهم
bldirham,بالدرهم
aykoub,ايكوب
youli,يولي
nijm,نجم
drahem,دراهم
ranish,رانيش
nalasha,نخلصها
completment,كومبليتمون
lnejma,النجمة
completmon,كومبليتمون
fhemtekch,فهمتكش
tesdi,تقصدي
njmb,نجمب
khalastha,خلاصتها
wndri,وندري
l-abonmon,الأبونمون
aslt,حصلت
miya,مية
lf,ألف
mqdrtsh,مقدرتش
lmbbin,المبصبصين
dertlhash,قدرتلهاش
miyyet,مية
akther,أكثر
golt,قلت
nkmelhom,نكملهم
ir,خير
yado,يقعدو
fati,فتي
haki,حاكي
tiha,عطيها
elbaba,البابا
lchba,لعشبة
ttihalouch,تعطيهالوش
tchoufi,تشوفي
lmtm,المطعم
takhodh,تاخذ
farah,فرح
riyad,رياض
bql,بالعقل
bsm@,بسمة
kntich,كنتيش
ghelo,غلقوا
amkom,عمكم
tdki,تضحكي
bssma,بسمة
etalamidh,التلاميذ
thabil,ثابل
tshoufiha,تشوفيها
hayla,هايلة
tolili,تقوليلي
tdri,تدري
oltelhom,قلتلهم
eskto,اسكتوا
lawa,يزيدوا
hedra,جونير
jounir,هكا
smtha,سمعتها
zma,زعما
tqolinina,تقولينا
skto,اسكتو
yntbho,ينتبهو
twensa,يهدرو
yhdro,قدامهم
damhom,هدرة
hdra,ماشي
ama,يرفدوها
yrfdoha,الدراري
edrari,الصغار
esghar,
choufi,شوفي
eti,حطي
soura,الصورة
fahma,فاهمة
atta,حتى
lmarra,المرة
yeboukch,يحبوكش
oumbed,أومبعد
youliw,يوليو
yebouk,يحبوك
yeoudou,يعودو
tolilo,تقوليلو
tnewdi,تنوضي
tsebi,تصبي
tayti,تعيطي
yrfd,يرفض
lkalam,الكلام
yrfdou,يرفضو
dkitini,ضحكتيني
traysh,تقرايش
tlaetch,طلعتش
afak,أفاق
smanab,سمعنب
hess,حس
damk,قدامك
sima,سيما
amamak,أمامك
ydih,يديه
yjbd,يجبد
ljina,العجينة
ylb,يلعب
bhdw,بهدوء
yelabo,يلعبو
beljina,بالعجينة
welreyssat,والقريصات
welkhshebat,والخشيبات
lbnya,لبنى
riat,قريصات
khchibat,خشيبات
andhomsh,عندهمش
khedmat,خدمات
nlb,نلعب
byhm,بيهم
rwea,روعة
jir,جير
yrjo,يرجعو
lyamat,ليامات
dayma,دايما
yjiwni,يجيوني
ljnab,الجينب
nersm,نرسم
daymn,دايمن
ljiran,الجيران
nrsm,نرسم
ytwni,يعطوني
nshri,نشري
narsm,نرسم
dyar,ديار
adirilo,عديريلو
binb,بالعينب
lrayssat,القريصات
lkhashaybat,الخشيبات
kif,كيف
smo,سمعوا
qalo,قالوا
fmkom,فمكم
ynhii,ينهي
ltsiih,التصحيح
adwato,أدواتو
ydyh,يديه
bljina,بالعجينة
kmlsh,كملش
bsraa,بسرعة
ydq,يدق
ljrs,الجرس
basma,بسمة
mlma,معلمة
shmta,شمتاء
esmha,اسمها
amar,عمار
wdakhryn,وحداخرين
khtabni,خطبني
bolici,بوليسي
yjyouni,يجيوني
nqbl,نقبل
nqblsh,نقبلش
familya,فاميليا
nqolsh,نقولش
ysehl,يسهل
lash,علاش
tekoun,تكون
meten,مقتنع
bwayej,بحوايج
bezaf,بزاف
bwalha,بحوالها
o,أو
ajbha,عاجبها
lmera,المرة
ljayya,الجاية
tchouf,تشوف
yewli,يولي
yejbha,يعجبها
yetmahblou,يتمهبلوا
tdirish,تدريش
kalam,كلام
yetmeskherou,يتمسخرو
snai,صنايع
l'akhtrach,الأخطرش
jayin,جايين
yesibouli,يصيبولي
titehom,حطيتهم
bali,بالي
lowkan,لوكان
yjini,يجيني
familia,فاميليا
abd,عبد
yrf,يعرف
yot,يحط
rjlo,رجله
manwizi,منويزي
smou,سمعوا
choufou,شوفوا
yaed,يقعد
lchb,لعشب
lmtan,الامتحان
ntih,نعطيه
lwa,حلوى
yadch,يقعدش
ail,عاقل
tawtlo,عطاوتلو
left,حلفت
salam,سلام
abs,حبس
hadra,هدرة
tekthebi,تكذبي
teoulilhom,تقوليلهم
natikom,نعطيكم
lelwa,الحلوى
temdilhomsh,تمديلهمش
njiblhom,نجيبلهم
ael,عاقل
yakol,ياكل
lowa,حلوى
yaedch,يقعدش
ytio,يطيحو
emtean,الامتحان
llowa,الحلوى
yadesh,يقعدش
ytiho,يتيهو
lemteanat,الامتحانات
tjawzoohom,تجوزوهم
shiya,العشية
drtlhom,درتلهم
mhfouzat,محفوظات
imtianat,امتحانات
simana,سمانة
jdoub,جدوب
mdnib,مدنيب
lchiya,بدنيب
lprimar,البريمار
lbdanya,البدانية
kntch,كنتش
nrf,نعرف
lsbwr,السبور
klit,كليت
asa,عسى
yektob,يكتب
malak,ملاك
ktebili,كتبيلي
yetharek,يتحرك
oktobili,اكتبيلي
. elli,اللي
. yetarek,يتحرك
. yedi,يدي
. zouj,زوج
. darbat,ضربات
. men,من
. endi,عندي
. belassa,بالعصا
ykol,يأكل
njiblo,نجيبلو
llwa,الحلوى
lachouria,العاشورية
esketou,اسكتو
bntili,بنتيلي
jwazb,جوزب
bstop,بستوب
khwftini,خوفتيني
khayf,خايف
blasthom,بلاصتهم
lras,الرأس
khlaso,خلاصو
ntlaaw,نتلاقاو
lers,العرس
ennour,النور
west,وسط
erbea,الربعاء
jay,جاي
khaltak,خالتك
troui,تروحي
ghaleb,غالب
jib,جيب
syboun,سيبون
bl,قبل
ruu,روحو
nayu,نحيو
lbalkom,العبالكم
chwayeb,شويب
azhaw,أزهاو
kri,كري
roek,روحك
zaman,زمان
donour,دونور
wraki,وراكي
wachno,واشنو
d-donor,الدونور
r-rusb,الروسب
elabali,العبالي
diman,ديمان
lstyle,الستايل
roak,روحك
chaba,شابة
kda,كذا
broubat,بروبات
rouba,روبا
tchbah,تشبه
lrouba,لروبا
nou,نوع
stil,ستيل
tmshish,تمشيش
balnwar,بالنوار
balbalon,بالبالون
anili,أنيلي
chaytan,الشيطان
yemchi,يمشي
belnwar,بالنوار
mahboul,مهبول
ajbk,عاجبك
krit,كريت
wahda,وحدة
bloun,بلون
lqarnabit,القرنبيط
miss,ميس
lebnan,لبنان
hdik,هديك
darouha,داروها
mdawleha,مدولها
mayes,مايس
taj,تاحها
labsa,واحد
style,ستايل
doufa,دوفوا
troua,تروا
fwa,فوا
amineb,أمينب
saqa,ساقا
elistalab,الاستعلاب
smatch,سمعتش
elportable,البورتابل
sabah,صباح
eytlk,ايتلك
djezzy,جيزي
mobilis,موبيليس
ytlk,عيطلك
tsb,التسعب
lshrb,العشرب
ytt,عيطت
kyf,كيف
shftouch,شفتوش
tlakiti,تلاقيتي
ljama,الجامعة
tletch,طلعتش
aak,الحقك
maysaj,ميساج
lani,لحقني
ritou,قريتو
just,جوست
itlk,إيتلك
lbalich,العباليش
yana,عيانة
dertich,قدرتيش
traddi,تردي
andich,عنديش
l'kridi,الكريدي
nayetlek,نعيطلك
lssaa,الصحة
shftsh,شفتش
ltilifun,التليفون
lnjma,النجمة
btsko,بتسكو
ndihulha,نديهولها
koum,كوم
nsa,نسحق
malfah,مالفة
taytili,تعيطيلي
tstmlih,تستعمليه
manjibsh,منجيبش
drari,دراري
rajli,راجلي
yemout,يموت
ili,إلي
nzawjo,نزوجو
ynoub,ينوب
tjibouch,تجيبوش
rbiho,ربيه
diw,ديو
hsanto,حسنتو
abito,حبيتو
slabo,صلبو
khamiti,خميتي
rajlk,راجلك
ytlb,يطلب
mjhod,مجهود
khasa,خاصة
ljirb,الجيرب
frb,فطرب
ydr,يقدر
ynhilha,ينهيهالها
da,دا
qbelti,قبلتي
b'tadhya,بتضحية
ykhlikch,يخليكش
tounes,تونس
teqbel,تقبل
enou,أنو
ando,عندو
sahbetou,صاحبتو
teqbelsh,تقبلش
yzewej,يزوج
lnhar,النهار
tounsi,تونسي
ynaqesh,يناقش
lmodoo,الموضوع
ethem,اتهم
dezarkimon,ديزاركيمون
lquran,القرآن
galhom,قالهم
kifmash,كيفماش
entoma,انتوما
tdiw,تديو
malquran,مالقرآن
yjbkom,يعجبكم
galb,قالب
byedha,بيدها
ndbolo,ندبولو
sado,سعدو
lkhwanji,الخوانجي
lmnafek,المنافق
khwanji,خوانجي
monafe,منافق
mrab,مرب
azouj,عزوج
wedeb,وحدب
faet,فاقت
echket,اشكات
zamb,زمب
lilmohami,للمحامي
hkaou,حكاو
hakaya,حكاية
galo,قالو
mohami,محامي
khelit'ha,خليتها
rouhek,روحك
yssik,يسقسيك
ladi,القاضي
oulo,قولو
makobin,ماكوبين
ayban,أيبان
khraj,خرج
barah,براح
nndb,نندب
lyad,الإياد
lrajelha,لراجلها
rou,روح
ezwej,ازوج
wadhra,وحذرا
haq,الحق
blasst,بلاصت
azwej,أزوج
tasmani,تسمعني
twerihali,توريهالي
dirleha,ديرلها
tjis,تجيش
nref,نعرف
naraf,نعرف
tasken,تسكن
damna,قدامنا
jabat,جابت
etzewwej,اتزوج
yejik,يجيك
galha,قالها
teawedsh,تعاودش
msame,مسامح
jabtlo,جابتلو
wdha,وحدها
malmra,مالمرة
eddaha,الداها
shoufi,شوفي
sban,سبحان
eltanya,التانية
wedakher,وحداخر
whadak,وهاداك
yaytlha,يعيطلها
wmamah,وماماه
ls,الصح
lmra,المرا
tqdr,تقدر
thb,تحب
wld,ولد
wldha,وليدها
wldi,وليدي
trabba,تربى
aktar,أكثر
twld,تولد
trbiya,تربية
yal,يحل
inih,عينيه
ylaha,يلقاها
s-sayf,تحبوا
thbou,
sarab,صارب
khelina,ترانكيل
tranquil,ترانكيل
gato,قاطو
deyri,ضيري
thabi,تحبي
diwrona,واحد
trik,برك
wetach,وقتاش
lato,القاطو
yjich,يجيش
tari,طري
mdinha,مدينها
rwahkom,رواحكم
trfou,تعرفوا
taybo,طيبو
lkthab,الكذاب
tik,أختيك
ynrfezk,ينرفزك
tbi,تبعي
ato,قطو
lchokola,الشكولا
nebo,نحبو
nmout,نموت
owa,قوة
kakaw,كاكاو
drto,درتو
lid,العيد
hafsa,حفصة
drna,درنا
l'arenyo,الارينيو
mousyo,موسيو
galna,قالنا
tsin,تسعين
lmya,المية
mnkom,منكم
ndhom,عندهم
lkasbozi,لكسبوزي
twantrinyo,تونترينيو
kena,قاعدين
adin,نتعشاو
netachaw,قالتلي
kelma,بالفرنسي
altli,قالتلي
ntouma,نتوما
lwaed,الواحد
yetalem,يتعلم
klemat,كلمات
tbaher,تبهر
wado,واحدو
mnanay,منحناي
mnni,منحني
taawon,التعاون
kordynasyo,كورديناسيو
kobrasyon,كوبراسيون
jabtlna,جابتلنا
manib,منيب
rais,رئيس
jibi,جيبي
mghrafa,مغرفة
tichi,تعيشي
jiblna,جيبيلنا
mgharaf,مغارف
lmagharif,المغارف
maksh,معاكش
sybwny,سيبوني
nlqa,نلقى
sebouni,سيبوني
nelgaet,نلقيت
dfti,دفقتي
fw,فوق
lfrash,الفراش
olo,قولوا
lmnib,لمنيب
ettebsi,التبسي
khlih,خليه
laljazair,للجزائر
nbtlk,نبعتلك
lskr,السكر
sarib,صارب
rwahi,رواحي
dei,دقيق
tjich,تجيش
lfilm,الفيلم
mnib,منيب
ouloula,قولولها
btili,بعتيلي
lrais,الرئيس
sitroutar,سيتروتار
bytiali,بيتيحالي
khlihom,خليهم
ychrbou,يشربوا
nsho,نعشو
lrfis,الرفيس
lzim,لزم
nrjlha,نرجعلها
ltbssi,الطبسي
lbs,لبس
ntmskhr,انتمسخر
bik,بيك
ykhi,يخي
lyoum,اليوم
wshafna,وشفنا
lfichaj,الفيشاج
lsoumaster,السوماستر
lawal,الأول
khls,خلص
jabt,جابت
drws,دروس
jbt,جبت
ikonomi,ايكونومي
lblakar,البلاكار
elmla,الملاح
njibhom,نجيبهم
ywaj,يوجع
hkaya,حكاية
lkhobz,الخبز
icha,عيشة
bark,
malf,مالف
dirli,ديرلي
shri,شري
rozma,روزما
bray,براي
dhahri,ظهري
khyet,خيط
makan,ماكان
walou,والو
atmanay,أتمناي
qobba,قوبة
miyet,ميات
sana,سنة
bnkabr,بنكبر
t'kabri,تكبري
habibti,حبيبتي
krah,كرهت
ltrtat,الطرطات
kheirha,خيرها
wyach,وياش
tchofi,تشوفي
kheyrnahaash,خيرناهاش
kheirnahaash,خيرناهاش
biya,بيا
transbor,الترونسبور
saeb,ساعب
nsenna,نسنى
broumi,برومي
nouvember,نوفمبر
saa,ساعة
wafin,واقفين
lhih,لهيه
esh,إيش
balek,بالك
trfich,تعرفيش
tkedbi,تكذبي
direkt,ديركت
manal,منال
rahin,راحين
diro,ديرو
sorbriz,سوربريز
talich,تقلقيش
snay,سناي
jatch,جاتش
dkor,دكور
lesh,ليش
bferyal,بفريال
et,إيت
bibat,بيبات
awdti,عودتي
yitli,عيطتي
riboundlk,ريبوندلك
altlha,قالتلها
reponditha,ريپونديتها
hart,حارت
fatima,فطيمة
mimi,ميمي
ljazairiyin,الجزائريين
ntlbo,نطلبو
yarab,يارب
yfrh,يفرح
lykib,ليكيب
wyfrhna,ويفرحنا
sawaswa,سواسوة
lmatch,الماتش
efto,افتحوا
yedikom,يديكم
lel-sama,للسماء
rab,رب
ihfaz'hom,احفظهم
bala,والمصايب
masaib,
yreb,يعرب
asnay,أسناي
kmli,كملي
sed,سد
khatahom,خطاهم
masr,مصر
qawawi,قواوي
ymerkyw,يمركيو
adrwat,الأدروات
aqwash,الأقواش
yayeshe,يقيسش
lyebwa,ليبوا
nourhom,نورهم
wsl,وصل
allahom,اللهم
wslem,وسلم
syedna,سيدنا
mohamed,محمد
alh,آله
shbh,صحبه
ajmain,أجمعين
iyat,إيات
lkoub,العقونب
lnalk,قلنالك
talki,تحلكي
kord,كورد
gokal,قوكال
esmai,اسمعي
ente,أنت
tbini,تبعيني
zoulma,ظلمة
kmi,حكمي
mami,مامي
goliha,قوليلها
tdhwq,تذوق
aki,حكي
douqi,دوقي
tabet,طابت
aw,أو
sareb,سارب
tghsl,تغسل
lman,الماعن
lnas,النحاس
wyjiw,ويجيو
ychoufo,يشوفو
ychoufou,يشوفوا
kaskrout,كسكروت
tmattich,طماطيش
kom,كوم
dabitoud,دابيطود
tini,عطيني
sbr,صبر
nis,نقيس
balaki,بالاكي
bnazb,بنازب
sati,صاطي
hfa,بالحفا
elbasi,البسي
lejab,ليجاب
khetini,خطيني
dri,ضري
eltas,تاع
as-sni,السني
nakl,ناكل
nchafetsh,نشفتش
nkhaliha,نخليها
tghli,تغلي
khliha,خليها
ras,راس
lhanout,الحانوت
adsh,عادش
har,حار
adesh,عادش
journal,جورنال
emshi,للمرايا
lmraya,الكوليار
telle,و
collier,و
four,فور
mark,مارك
lfour,الفور
raked,راكد
yeb,يحب
ayat,حياة
rtyba,رتيبة
lorla,لورلا
ygoulo,يقولو
ytfahem,يتفاهم
imraa,أمرأة
mou,طموح
rahna,رحنا
lthyater,الثياتر
ybio,يبيعو
lkotob,الكتب
labraj,الأبراج
brj,برج
lshs,الشخص
wlabraj,والأبراج
ytfahm,يتفاهم
shritsh,شريتش
ldrhm,الدرهم
nwli,نولي
khoy,خوي
nssoumo,نصومو
jdwab,جدوب
mrm,محرم
nwdony,نودوني
rrb,الربع
ns,نص
wachn,واشن
walach,والعش
esbah,الصبح
sitta,الستة
tebi,تيبي
nwjd,نوجد
sh,شح
tnoudi,تنودي
alkhamis,الخميس
nodouni,نودوني
tsbhy,تصبحي
shali,شالي
eddaw,الضو
d-daw,الضو
samb,سامب
tfilmi,تفيلمي
portablik,بورطابلك
habaltih,هبلتيه
ngaed,نقعد
blach,بلاش
taklikch,تكليكش
tklikich,تكليكيش
tfsdlk,تفسدلك
l'aswari,الأسوري
l'ajwazeb,الأجوازب
keyboard,كيبورد
l'keyboard,الكيبورด
asdha,قصدها
klavi,كلافي
absh,حبش
instalasyon,انستالاسيون
gila,مشات
mchat,مشات
roura,قرورة
troo,تروحو
llchafib,للشافيب
jibona,جيبونا
lziton,الزيتون
nrdo,نرقدوه
wnakdo,ونقعدو
echoufaj,الشوفاج
wnjibouh,ونجيبوه
wnaklouh,وناكلوه
bkhobz,بخبز
matlou,مطلوع
ruh,روح
ml,عمل
baa,باع
ltomobil,التوموبيل
lamal,العمل
fhemtech,فهمتش
et-tfela,الطفلة
teberred,تبرد
fouk,فوق
el-edem,العظم
labssin,لابسين
wayejhom,حوايجهم
yesso,يحسو
bta,بحتى
telbes,تلبس
tezid,تزيد
wlo,ولو
amshi,أمشي
ntelem,نتعلم
ndem,نخدم
byedi,بيدي
lwach,لعواش
oun,أون
sratli,صراتلي
l'adrouat,لأدروات
jani,جاني
l'kontrol,الكونترول
ljay,الجاي
dayr,داير
essot,الصوت
chwiyya,شوية
video,فيديو
ytilicharji,يتيليشارجي
oumbad,أومبعد
ksartli,كسرتلي
lsot,الصوت
mskin,مسكين
khok,خوك
yisma,يسمع
nkteb,نكتب
lbruv,للبروف
lkhet,الخط
bya,بيا
rapor,رابور
youlhom,يقولهم
mstil,مستحيل
tkoun,تكون
teqlaqet,تقلقت
qaad,قعاد
damak,قدامك
zahr,زهر
jytini,جيتيني
idik,إيديك
sinon,سينون
ritlk,
ftrtish,فطرتيش
babak,باباك
naklosh,ناكلوش
nesnake,نسناك
naklo,ناكلو
dach,قداش
fterouch,فطروش
lwahda,الواحدة
khalt,خلط
klat,كلات
frachita,فرشيطة
lchi,الشي
lmsjd,المسجد
ltlhom,قلتلهم
saib,صعيب
khaled,خالد
shahinaz,شاهيناز
jibnalk,جبنالك
thbiiha,تحبيها
jbnelk,جبنالك
teouli,تقولي
samab,صامب
nesani,نساني
jabatni,جابتني
kastrwidniswn,كاسترويدنيسون
dim,قديم
jdi,جدي
mytb,ميتب
lbalhom,العبالهم
khoula,خولة
taawdo,تعاودو
tdiwha,تديوها
twliw,توليو
saml,سأعمل
shhada,شهادة
tbibya,طبية
saderiya,صدرية
talajha,تعالجها
d-dosi,الدوسي
km,كم
lili,ليلي
khayfin,خايفين
awal,أول
muharram,محرم
l'ahad,الأحد
marrama,محرمة
assabt,السبت
rmiou,رميو
yrwtrdyuh,يروتارديوه
khalid,خالد
nasser,التوموبيل
b'ataylo,يجي
tomobil,يجي
nmedhalo,نمضالو
wadi,وحدي
balamana,بالأمانة
toulouli,تقولولي
mehdi,مهدي
rahetlo,راحتلو
kaya,حكاية
khtbo,خطبو
elmard,المرض
lbsw,لبسوا
lkhym,الخياطم
dyrkt,ديركت
lbsou,لبسوا
khwatim,خواتم
hasab,حاسب
khetba,الخطبة
brwnat,برونات
zadt,عزادت
dna,قدنا
tbane,تبان
chatra,شاطرة
kmlnach,كملناش
morad,مراد
alna,قالنا
sami,سامي
mada,مادا
bikom,بيكم
aktbouli,اكتبولي
jayu,جايو
t-triq,الطريق
mabrouk,مبروك
lkouba,العقوبة
khadija,خديجة
ndirlek,نديرلك
bitysh,حبيتيش
qato,قاطو
sak,ساك
ljouri,جوري
bard,برد
brdt,بردت
borton,بورتون
skantha,سكنتها
mqabil,مقابيل
echweib,الشويب
nblos,نبلوس
karima,كريمة
nstahl,نستاهل
l'licornes,اليكورني
ltlhash,قلتلهاش
lossam,لحسام
ljsm,مع
khalh,و
rask,راسك
tkhayel,تخيل
lehik,لهيك
mtla,متلا
bouteflika,بوتفليقة
ybouh,يحبوه
mchrou,مشروع
wchray,وشراي
tfahmi,تفهمي
echampoo,الشامبو
alli,قاللي
anoun,قانون
eddestouri,الدستوري
ghltt,غلطت
qltlha,قلتلها
hdhrb,حذرب
ostaz,استاذ
tnsach,تنساش
dir,دير
bath,بحث
khetra,قلتلها
qanoun,عام
khas,دارتلي
gour,
lwayej,الحوايج
hadoma,هادوما
barseko,بارسكو
yssahl,يسهل
wein,وين
tjawzi,تجوزي
nzl,نزل
malyb,ماليب
edrayeb,الدرايب
dawla,الدولة
taweqsh,تعوقش
konfokasyon,كونفوكاسيون
ltfawa,الطفاوة
yjwz,يجوز
lsmena,السمانة
ljaya,الجاية
tajibiha,تجيبيها
wdek,وحدك
goul,قول
jibiha,جيبيها
esmaneb,السمانب
lomar,لعمر
yssilha,يسقسيلها
sibo,صيبون
smana,سمانة
jaya,جاية
jdeb,جدب
weekend,ويكاند
surmo,سورمو
yytlou,يعيطلو
bar,بار
tilifoun,تليفون
dait,عديت
lnmirw,النميرو
yskn,يسكن
daghusb,داغوسب
hblti,هبلتي
ettlatet,التلاتة
yjwzo,يجوزو
daw,داو
douzonflob,دوزونفلوب
dossier,الدوسي
. nta,أنت
. w,و
. asabk,أصحابك
. swar,صور
. f,في
. mlak,ملاك
. eddawla,الدولة
. ta,تع
. etaraf,الطرف
et-tarf,الطرف
wjouzo,ويجوزو
youmin,يومين
kthr,كثر
kholb,خولب
jmaat,جماعات
mahalya,المحلية
wlayeb,ولايب
kemouch,حكموش
dipoziti,ديبوزيتي
ldosi,الدوسي
chftich,شفتيش
aleb,قيلب
jwaye,جوايح
lwaniz,لوانز
atef,قالي
jame,سيدي
mnznsh,منزنش
lwmam,لومام
alo,قالو
ltrf,الترف
smathach,سمعتهاش
smethach,سمعتهاش
amlek,عملك
eddoulab,الدولاب
eddouman,الدومان
eddarayeb,الضرايب
khwalb,خوالب
gadi,قاعدي
jabatch,جابتش
hbab,حبال
mel,ملح
nrfhom,نعرفهم
gadin,قاعدين
yhadro,يهدرو
nmse,نمسح
ysa,يسحق
lmmwar,المموار
ltam,التام
yder,يقدر
yla,يلقى
mimoire,ميموار
ltaam,الطعام
yso,يسقو
kjez,كجزء
nader,نادر
echah,الشح
ajbni,يعجبني
mrbi,مربي
ydiroonji,يديرونجي
khatih,خاطيه
elal,العقل
naref,نعرف
ntmeskher,نتمسخر
kho,خو
bint,بنت
esserafiyoun,الصرافيون
llycee,الليسي
galbalek,قالبالك
twfir,توفير
llnas,للناس
bilal,بلال
dkhel,دخل
sontr,سونطر
yeqra,يقرا
ettfela,الطفلة
wassi,قوسي
sbia,صبيحة
zab,زابح
hkitlk,حكيتلك
jabatli,جابتلي
kado,كادو
hdek,هديك
khtera,خطرة
rbahtech,ربحتش
magister,ماجيستر
lkhetra,الخطرة
rbatech,ربحتش
lconcours,الكونكور
lmajister,الماجيستر
ested,استاد
lmdrsa,المدرسة
llya,العليا
lloum,للعلوم
lsyasya,السياسية
tsmch,تسمعش
jrbi,جربي
jawzet,جوزت
likri,ليكري
aytli,أيطلي
stad,استاد
lyikri,اليكري
yssyuni,يسقسيوني
bfrnsi,بالفرنسي
nulhum,نقولهم
jwansi,جونسي
kun,يسقسيوني
blnjlezi,نقولهم
yi,دونت
dont,ناو
twa,توا
bdk,بالضحك
swrto,صورتو
l'aksyon,الأكسيون
lwkal,الوكال
laboust,لابوست
skoun,سكون
tdrysh,تقدريش
klito,كليتو
taak,تعاك
lazemch,لازمش
anani,أناني
lsbah,الصباح
klawsh,كلاوش
klina,كلينا
mdiha,مديها
kentch,كنتش
hat'ha,حاطها
dhroufha,ظروفها
sadouhash,ساعدوهاش
awnt,عاونت
khawla,خولة
tmarki,تماركي
tbt,تعبت
dartlha,دارتلها
mskina,مسكينة
lmadrasa,المدرسة
ssyassiya,السياسية
ljy,لجي
lji,الجي
aknoun,عكنون
l'internet,الانترنت
yqblou,يقبلو
b'rk,برك
ysehlha,يسهلها
fat,فات
yeblo,يعبألو
yjietlo,يجيتلو
rezo,رزقو
qritsh,قريتش
asamb,أسامب
andach,عنداش
licence,ليسانس
loum,علوم
siyassiya,سياسية
systeme,سيستام
classique,كلاسيك
fihaach,فيهاش
piston,بيستون
nasyounal,ناسيونال
doktora,مبعد
khetwab,خطوب
l'afontaj,الأفونطاج
tahom,تاعهم
ymarki,يماركي
ykemel,يكمل
mdmwnh,مضمونه
kwi,كوى
teklasit,تكلاسيت
lekzaman,ليكزامان
faransi,فرنسي
mntaha,منتها
klasawha,كلاصاوها
snndhhab,سنذهب
nqra',نقرأ
ntmaskher,نتمسخر
korjawsh,كورجاوش
balakobi,بالاكوبي
talab,طلب
ykfini,يكفيني
nmarki,نماركي
talyani,طالياني
frnsi,فرنسي
ykfyw,يكفيو
tast,تاست
lghachi,الغاشي
ykhrat,يخرط
lashi,قاع
yekhret,
koll,قاع
tjihom,تجيهم
bourse,بورصة
nesnach,نسناش
fehom,فيهم
labours,لابورص
lmaster,الماستار
aditi,عديتي
borsa,بورصة
entha,إنذا
arn,قرن
twali,توحالي
nawli,نحاولي
zanitch,ظنيتش
riklami,ريكلمي
alolo,قالولو
mlayin,ملاين
nsizeu,نسيزو
lmar,الحمار
bkhmsmia,بخمسمية
wzad,وزاد
mlyon,مليون
wkhmsmia,وخمسمية
wra,وراح
ythm,يتهم
lfwaij,الفوايج
btanb,بطنب
gelgani,قلقني
rapportawlek,روبورتاولك
les,لاسوتنونس
adini,قاضيني
lftour,الفطور
rristoran,الريستوران
knti,كنتي
balk,بالك
yshrilk,يشريلك
ms,حمص
yrdk,يعرضك
ristoran,ريستوران
nawy,ناوي
yotk,يحطك
larqoubi,القرقوبي
lrestaurant,الريستوران
ismab,اسمب
tethala,تتحلا
lskrib,السكريب
skrib,
aan,حقا
fevri,فيفري
lnaya,لعناية
normale,نورمال
khft,خفت
laswat,الأصوات
nwns,نونس
maah,معاه
ysawteni,يسوطني
lms,الحمص
yjibholk,يجيبهولك
gzdira,قزديرة
bili,بيلي
drtlo,درتلو
lqto,القطو
shrit,شريت
lchkoula,الشكولا
echkoula,الشكولا
tkhbiha,تخبيها
helwa,حلوة
drnaha,درناها
nakloha,ناكلوها
tmanini,طمأنين
tqdry,تقدري
nakolhom,ناكلهم
biwhom,خبيوهم
ndmou,نخدمو
ysawtouni,يسوطني
nmadouhom,نمدوهم
liljiran,للجيران
ruhtish,مع
sam,هي
taytlo,حسام
fo,فوق
lalb,القلب
tfakart,تفكرت
lbokaa,البكاء
kna,كنا
mbawrin,مبوقرين
sdatch,صدقتش
mabs,محبس
boss,بوس
kart,كارت
ster,سطر
mzyan,مزيان
retlha,رحتلها
rkbet,ركبت
et-talib,الطليب
bel-kart,بالكارت
mel-sbah,مالصباح
ykdbo,يكدبو
yrkbo,يركبو
lh,له
talhi,طلحي
adrak,قدرك
yswa,يسوى
yrsk,يرحصك
ttlsh,تطلعش
adr,قدر
tltaash,تلتاش
nlef,نلف
fnjan,فنجان
qahwa,قهوة
tshrihloosh,تشريهلوش
wmblys,ومبليس
swrons,سورونس
abtet,حبطت
galat,قالت
sahabati,صحاباتي
yhebouch,يحبوش
youloulo,يقولولو
yhebch,يحبش
yhebselhom,يحبسلهم
slahom,صلاهم
ybouhsh,يحبوهش
tawen,تعاون
yhedrou,يهدرو
wahdi,وحدي
nkrho,نكرهو
echoufour,الشوفور
abstou,حبستو
mbali,امبالي
elaala,الالا
feqt,فقت
yro,يروح
samp,سامب
darli,دارلي
hakawli,حكاولي
ntla,نطلع
thkili,تحكيلي
sra,صرا
tbhdil,التبهديل
wlad,ولاد
ykhzro,يخزرو
galolo,قالولو
mut,مت
bilachma,بالحشمة
jaytni,جايتني
tfasdeli,تفسديلي
qsam,قسم
ysouq,يسوق
absi,حبسي
hdart,حضرت
ywslhom,يوصلهم
bouni,بوني
lklab,الكلاب
ydawro,يدورو
zadjoun,زاجون
jawsh,جاوش
lezzo,لعزو
ykhaah,يخاه
lahawi,قهاوي
nchrebou,نشربو
ahwa,قهوة
ezou,عزو
nakem,نحكم
belsa,بالعصا
anfi,الأنفي
louch,حلوش
nwslou,نوصلو
ljoun,العجون
zitoun,زيتون
mdina,مدينة
ezzo,عزو
nwssel,نوصل
seba,سبعة
nela,نلقى
mkoom,محكوم
lkrateb,كراطب
srat,صرات
gasin,قاعسين
ajr,حجر
eddis,الديس
dia,دقيقة
wefet,وقفت
block,بلوك
neraw,نقراو
lbard,البارد
echab,الشاب
edhlima,الظلمة
eljal,العجال
esab,الصحاب
issam,عصام
mwaraha,موراها
sebtek,حسبتك
ywasslna,يوصلنا
saroukh,صاروخ
yotna,يحطنا
wst,وسط
l-totowat,الطوطوات
ai,حقى
wassatini,وصتيني
ydab,يدب
tslm,تسلم
nsal,نسقسي
alab,العب
liy,علي
thdr,تهدر
taqra,تقرى
okht,أخت
noura,نورة
lboss,البوس
lkhatrb,الخطرب
ljayb,الجايب
jibha,جيبها
tbhdila,تبهديلة
tjibha,تجيبها
jiibouha,جيبوها
lbnat,البنات
nayt,نايط
lzhib,لزهيب
bntk,بنتك
lfami,العفامي
torsh,طورش
jabt-hali,جابتهالي
taria,الطريقة
shbab,شباب
lrwtrti,الروترتي
divronkofon,ديفرونكوفون
kano,كانو
ykiw,يحكيو
sitan,سيتان
firjinian,فيرجينيان
mnha,منها
haduk,هادوك
alu,قالو
rjaini,ورجعيني
se,صح
slou,صلو
kanou,كانو
nrouij,النرويج
narfo,نعرفو
l'abalishe,الأباليش
merb,قالو
galou,لقريب
le,واش
grib,بيكم
wlitou,المرب
minib,مينب
bwastib,بواصطيب
shra,شرها
khefif,خفيف
ratb,رطب
narfha,نعرفها
shnouaz,شنواز
khwatat,خواتات
khohom,خوهم
sharhom,شعرهم
l'afason,الأفاسون
lamod,العمود
qtao,قطعوا
charhom,شعرهم
l'afasson,الأفاسون
ldam,القدام
ytwl,يطول
diradi,ديقرادي
amina,أمينة
shari,شعري
soroto,صورتو
ytla,يطلع
wdo,وحدو
twli,تولي
tshbh,تشبه
lrwnaldinyw,لرونالدينيو
cristiano,كريستيانو
ronaldo,رونالدو
ykhrj,يخرج
l'album,الألبوم
l'awal,الأول
yghanni,يغني
kon,كون
brazile,برازيل
bortogal,برتغال
al-bortoali,البرتقالي
bubliciti,بوبليسيتي
andesh,أندش
wldrz,ولدرز
rouah,رواح
nsqesik,نسقسيك
sbi,أحسبي
wdk,وحدك
noulk,نقولك
l'adhan,الأذان
lcha,العشاء
qsmyh,قسميه
thlatha,ثلاثة
tkhrjlk,تخرجلك
toulich,تقوليش
asbi,أحسبي
tkhrejlek,تخرجلك
chabine,شابين
amro,عمرو
jokroa,جوكروا
yjooz,يجوز
lbyout,البيوت
mout,موت
dkni,ضحكني
khtra,خطرة
gali,قالي
etatni,اتأتني
istida,استدعاء
wonkli,ونقلي
mdam,مدام
fzt,حفظت
nlt,نقلت
bwjt,بوجيت
dit,ديت
tmnit,تمنيت
khatra,خطرة
atatni,اتاتني
wongli,ونقلي
madam,مدام
bawjt,بوجيت
swer,صور
ekhto,أختو
mhaboul,مهبول
kharaj,خرج
yzir,يزير
lanout,الأنوت
zyani,زياني
naji,ناجي
l'ostad,الأستاذ
mbarkib,مباركيب
estaad,استاد
nsitni,نسوتني
osbor,اصبر
shwiyya,شوية
nsewetni,نسوتني
esber,اصبر
mbas,محبس
ytini,يعطيني
dat,دات
atlo,قتلو
talach,تقلقش
tsawetni,تسوطني
gal-li,قاللي
ndirhalak,نديرهالك
lokanz,لوكانز
losaz,لوساز
abri,أبري
liakons,ليقاكونس
tlni,تلني
msafar,مسافر
galish,قاليش
yrid,يريد
ybinlk,يبينلك
blli,بلي
tta,حتى
mtfahm,متفاهم
tm,تم
bafi,بصافي
binathom,بيناتهم
eni,أني
nsani,نساني
mabitch,ماحبيتش
nktar,نكتر
maalish,ماقاليش
nitlo,نيتلو
itlo,ايتلو
whdk,وحدك
bramo,برامو
zaf,زاف
kalma,كلمة
tmnna,تمنى
l-ostad,الاستاد
ldia,الدقيقة
l-oula,الأولى
jbni,عجبنيش
dayman,دايما
rttlosh,رتحتلوش
yekraho,يكرهوه
shkayen,شكاين
janti,جانتي
kaa,قاع
yekrhoha,يكرهوها
lyzitodyo,ليزيتوديو
ybwhsh,يحبوهش
khiro,خيرو
lwkandor,الوكاندور
ykhyar,يخير
lyoumoumber,اليمومبر
ljoury,الجوري
wasila,وسيلة
kheyrto,خيرتو
tfato,تفتو
yawnni,يعاونني
ttl,تتقلق
atni,حطني
tmtem,تمتم
l'rabot,الرابوط
lmama,لماما
lbagraj,البقراج
lbkraj,البقراج
takel,تاكل
gawi,قاوي
mtmkn,متمكن
wakhtsasou,واختصاصو
wta,وحتى
yntqdni,ينتقدني
bwayj,بحوايج
nstfad,نستفاد
akhtsasou,اختصاصو
yntqdli,ينتقدلي
lghilaf,الغلاف
wtrqim,وترقيم
lsfat,الصفحات
et-taas,التاس
hahou,هاهو
lytod,ليتود
dalkt,الدلكت
ldialect,الديالكت
dar-na,دارنا
edm,خدم
darhom,دارهم
wyn,وين
fe,في
blaca,بلاصة
waw,واو
zfana,زعفانة
l'portable,البورتابل
antha,أنت
arashtiha,قرقشتيها
lbkom,قلبكم
abet,حبت
tediha,تديه
inik,عينيك
tbki,تبكي
chebat,شبعت
laabite,الا حبيت
tatini,تعطيني
ldrahem,الدراهم
nokia,النوكيا
ruha,روحها
ttini,تعطيني
lmr,الحمر
ndibani,نديباني
mksr,مكسر
ech-chah,الشح
mkasar,مكسر
khrdb,خردب
yskt,يسكت
zwj,زوج
dqayq,دقايق
ytfy,يطفى
dqay,دقائق
ytfa,يطفى
khfaf,خفاف
echetrat,الشاطرات
waleb,خولب
wratli,وراتلي
wreb,حوريب
l'afsoon,الأفسون
tsarebi,تصربي
lqahwa,القهوة
yawdo,يعودو
yjiwok,يجيوك
diriha,ديريها
dekor,ديكور
toti,تحطي
srafiyat,صرفيات
kas,كاس
fenjan,فنجان
damo,قدامه
farin,فارغين
chafi,شافي
msabqa,مسابقة
tawdheef,التوظيف
wan,عوان
idariyin,إداريين
awn,عون
idari,أداري
metsaref,متصرف
lbetata,البطاطا
sker,السكر
ada'ha,أضاها
dayrin,دايرين
lftor,الفطور
dirina,ديرينا
mloukhia,ملوخية
chefetini,شفتيني
ndoumandilha,ندومنديلها
lemmi,لميمي
hwayej,حوايج
wrine,وعرين
ndirha,نديرها
mech,مش
hatb,بورتابل
fouou,
hat,حاط
portabl,بورتابل
foo,فوقه
hakat,حكات
zerdazi,زردازي
khoi,خوي
at'ha,حطها
saka,ساكا
lebalek,العبالك
yayetlna,يعيطلنا
yeayetlna,يعيطلنا
yezndijan,يزنديجان
lach,العش
yassar,يقصر
slah,سلاح
ymot,يموت
ltwaysh,التوايش
lonkdor,لونكدور
youlha,يقولها
brkay,بركاي
lnbd,النبض
bba,بصباص
msous,مسوس
ndnsh,نظنش
l-kokakola,الكوكاكولا
wsfa,وصفة
siriya,سرية
klassiko,كلاسيكو
llsamp,للسامب
akib,أكيب
alklassiko,الكلاسيكو
lreal,الريال
lbarsa,البارصا
imagine,أيماجيني
galtelhom,قلتلهم
rbah,ربح
clasico,كلاسيكو
ytqdo,يتقعدو
maandouch,ماعندوش
talidi,تقليدي
tmni,تمني
sebtha,حسبتها
akeed,أكيد
rbaet,ربحت
barsa,بارصا
trouan,تروحان
etyali,اتيحالي
jabt'ha,جابتها
qrayha,اقرايها
notha,نحطها
smto,سمعتو
dakhel,داخل
laljam,للجامع
tsarref,تصرف
tera,تقرا
salon,الصالون
mentouha,منتوها
kherj,خرج
swr,صور
brtwn,برتون
zfa,زعفة
yreqed,يرقد
sara,سارة
teqra,تقرى
rahsh,راحش
reqed,رقد
beit,البيت
mahabsh,ماحبش
nhkm,نحكم
mma,معما
ndirlha,نديرلها
chir,شير
tsqsi,تسقسي
nkre'hom,نكرهم
cher,شير
daayi,دقائق
awlin,الأولين
laba,لعبة
tabha,تعبها
teloum,تلوم
n'koubi,نكوبي
wjeha,وجهها
toud,تعود
trahna,ترحنا
krht,كرهت
mna,منا
dzayer,دزاير
khelwha,ترانكيل
twashtoha,توحشتوها
tewhashtha,توحشتها
jedoub,جدوب
naayetlha,نعيطلها
l'niya,الڨنية
houaha,هواها
maaya,معايا
nhhar,نهار
ybi,يبيع
nnounoursat,النونورسات
tman,تمان
nbi,نبيع
fhemtch,فهمتش
hawah,هواها
shta,اشتاق
lruyaha,لرؤياها
fommek,فمك
chara,شرى
ennhar,النهار
zama,زعمة
jabouh,جابوه
lmasabih,المصابيح
tbni,طبعني
tnihash,تنيهاش
ldari,العداري
lmtasref,المتصرف
hajib,حاجب
habtb,حابطب
yabloh,يقبلوه
ladri,العادري
motasaref,المتصرف
gader,قادر
dayra,دايرة
oslomon,الأسلمون
en-nas,الناس
yetiwk,يعطوك
amala,أمالا
essayed,السيد
l'makama,المحكمة
blaak,بلاك
ayt,عيط
yto,يتو
lnmro,النميرو
asna,اسنا
ntakd,نتأكد
andouch,عندوش
lizabil,ليزابيل
elablek,الأبلك
chrabtech,شربتش
ellib,الحليب
sset,حسيت
safia,صافية
eddukhan,الدخان
ajeb,حاجب
khasetni,خاصتني
saat,ساعات
nheb,نحب
nakol,ناكل
adt,عدت
waltwan,والتوان
ettwan,التوان
echips,الشيبس
mder,مضر
sea,صحة
llawi,الحلاوي
saybon,سايبون
nkrhm,نكرهم
mosalsal,مسلسل
nghasalhom,نغسلهم
incha,إن شاء
nmsa,نمسح
ltablet,التابلات
assab,أسامب
eltamanya,التمانية
ygoul,يقول
nerqed,نرقد
wygoul,ويقول
tiri,طيري
netir,نطير
ndarbsh,نضربش
trouhi,تروحي
lyon,ليون
bzouj,بزوج
balse,بالصح
abtda,أبتدا
